"Result","Logistic","SVM","GBM","NeuralNetwork","Xgboost","Adaboost","LightGBM","CatBoost"
1,0.550601698312524,0.764914000513068,0.593818694331791,0.678981317578755,0.499358236789703,1,0.677997225132182,0.658947101056893
1,0.173410198012667,0.186441698768904,0.165460683500788,0.150770587400988,0.497610688209534,0,0.176426598504649,0.547002044816986
0,0.26569206138631,0.303790834467717,0.42056639801993,0.412884135047492,0.498186945915222,1,0.522380655504327,0.602745460993214
1,0.745419201623668,0.861127553197799,0.87292387956321,0.620336994327828,0.501122564077377,1,0.677997225132182,0.668693327196006
1,0.197071486974571,0.203643072012919,0.16030917826486,0.156212864544851,0.497763097286224,0,0.176426598504649,0.550465520476936
0,0.705455040602188,0.814085425875041,0.535881235087744,0.63157914240925,0.501009106636047,1,0.75966414440351,0.641405505097631
0,0.145283021710595,0.205343846503127,0.190834906027262,0.161492156648998,0.497901082038879,0,0.199045529808762,0.556245643349278
0,0.266385957981047,0.218505498338459,0.192585314591167,0.218830165168245,0.498066127300262,0.306110764531135,0.202951100876261,0.56424381489503
1,0.783600714426144,0.868397930977176,0.777856311096331,0.715044506117734,0.500589460134506,1,0.75966414440351,0.667980087759585
1,0.623398441235625,0.783162876490435,0.746958421899848,0.616263155052981,0.50148344039917,1,0.75966414440351,0.638653868524788
0,0.547010482497956,0.746366575835395,0.541424670943245,0.512767650791763,0.500056266784668,0.306110764531135,0.357495473788246,0.612158107202904
1,0.919952618815535,0.925659973156937,0.808640358760489,0.607008797354149,0.500607222318649,0.693889235468865,0.75966414440351,0.668097983028099
1,0.724860060294417,0.841917747814647,0.593523940803746,0.645990276531854,0.499358236789703,1,0.677997225132182,0.659752390095291
0,0.276645198086039,0.271102709864271,0.474294850053125,0.370773060482885,0.498186945915222,0.306110764531135,0.319912954043312,0.596712139371086
0,0.673057666585324,0.760773310740964,0.500150437158338,0.59398421580534,0.500166594982147,0.306110764531135,0.109336398888744,0.619805166396212
1,0.893346505075971,0.892960429178562,0.839169317124763,0.817332655460874,0.501036643981934,1,0.75966414440351,0.662980757358158
1,0.516542212492261,0.746155796744151,0.489470914350118,0.5538913935217,0.499692022800446,1,0.677997225132182,0.639596549372542
1,0.636783340937004,0.804732158254436,0.745613915805094,0.669166177105246,0.500484585762024,0.693889235468865,0.75966414440351,0.664216688634363
0,0.115782782646962,0.1740590845524,0.144769128916617,0.130245598729743,0.497610688209534,0,0.176426598504649,0.542692534004978
1,0.587125884546129,0.764837888719258,0.745456027519628,0.692728213191813,0.500714838504791,0.693889235468865,0.75966414440351,0.660275879730748
0,0.116061010250764,0.182463877208694,0.115364148221937,0.109097777292244,0.497721016407013,0,0.176426598504649,0.543030822921994
1,0.831896749221341,0.851756517989278,0.836973459681217,0.866881193196373,0.500774919986725,1,0.75966414440351,0.672916470491218
0,0.297581056068473,0.26409721173335,0.276053096281228,0.287112575839017,0.498487830162048,0.306110764531135,0.199045529808762,0.569392151965076
0,0.371363700298461,0.630144781189861,0.420211057789929,0.459165410050067,0.498245775699615,0.306110764531135,0.109336398888744,0.585917441204705
1,0.822607225984737,0.890036497399108,0.745815619546646,0.87597432806002,0.500017046928406,0.693889235468865,0.677997225132182,0.676586283489164
0,0.14857609163359,0.169399467517166,0.118420783290988,0.132348702518924,0.497610688209534,0,0.176426598504649,0.541367630151718
1,0.79348359171377,0.832359494560558,0.793492620634526,0.851537732735883,0.500233292579651,1,0.75966414440351,0.677473546518323
1,0.724524533343509,0.833760999034437,0.790774815171501,0.762665981119921,0.500484585762024,1,0.75966414440351,0.664848636435968
0,0.202563953572614,0.206951432929595,0.234623249129514,0.176012587387178,0.498307764530182,0,0.176426598504649,0.543215784195888
0,0.306009100566692,0.577719877158165,0.184467338347701,0.24508914282253,0.49795538187027,0,0.176426598504649,0.560229418203249
0,0.129101255227985,0.168292740380745,0.129569201582661,0.122980953846911,0.497873425483704,0,0.176426598504649,0.543742710195819
0,0.175781358624712,0.201559617070062,0.138139662340385,0.166949237200705,0.497828006744385,0.306110764531135,0.202951100876261,0.557599738041642
0,0.294527345409129,0.228811237232478,0.216271206360773,0.241072473823431,0.497955799102783,0.306110764531135,0.202951100876261,0.563119242180081
0,0.1065448921755,0.147165213857519,0.0851887415213626,0.10613541261614,0.497721016407013,0,0.176426598504649,0.541609504315886
1,0.127096241633025,0.181235690759214,0.110882196583038,0.116922278789136,0.497610688209534,0,0.176426598504649,0.540677377834521
1,0.172666859101224,0.194697581258798,0.152792694396375,0.17111652938637,0.497938394546509,0.306110764531135,0.202951100876261,0.552734741650613
0,0.139571600721114,0.165361692248283,0.110717174945778,0.126212464378172,0.497610688209534,0,0.176426598504649,0.540721641112682
0,0.241301111601292,0.225888070126965,0.270466081247216,0.228652896221424,0.497790694236755,0.306110764531135,0.319912954043312,0.569012730458441
0,0.165719446146224,0.18082071872082,0.110717174945778,0.136089020554344,0.497610688209534,0,0.176426598504649,0.54181314431628
1,0.755670439984904,0.805196468525474,0.772573059250986,0.826463648312757,0.500578850507736,0.693889235468865,0.75966414440351,0.665901549199228
0,0.102538461686007,0.144753653231624,0.0873179905787234,0.105137879339537,0.497721016407013,0,0.176426598504649,0.54125033540776
1,0.40252788171667,0.287387159741986,0.415701151095914,0.505382180893734,0.498243153095245,0.306110764531135,0.800162601594983,0.611087218766236
0,0.186126095601473,0.193680842879474,0.194936503960645,0.159426060743827,0.49770325422287,0,0.176426598504649,0.546962074842997
0,0.292294927438745,0.256045728961837,0.334025252658786,0.3351031602924,0.497883260250092,0.306110764531135,0.319912954043312,0.579558252415737
1,0.591302906922297,0.823659631404655,0.782382175256952,0.57909507808172,0.50115954875946,1,0.677997225132182,0.653875300813595
0,0.171779980954435,0.184945301906013,0.119023830528724,0.136319513442102,0.497610688209534,0,0.176426598504649,0.542550183370725
1,0.648156069869985,0.801470103629832,0.745281711007774,0.719351021928133,0.500570952892303,1,0.75966414440351,0.652002020456792
1,0.641871896590848,0.792386619076385,0.72208902862872,0.702887709566767,0.501577854156494,1,0.75966414440351,0.649817275317191
0,0.221973845230785,0.214622981133505,0.171819802433936,0.190962713563173,0.497610688209534,0,0.176426598504649,0.554056204005299
0,0.150203609708953,0.201015988679421,0.159949997631953,0.131867888399272,0.497610688209534,0,0.176426598504649,0.546761835966667
1,0.651401633927984,0.765080775788816,0.681199792779828,0.718365542051401,0.50045108795166,1,0.75966414440351,0.651120210577496
0,0.144670080738742,0.171108982061817,0.128648969784157,0.137464968030647,0.497763097286224,0,0.176426598504649,0.544641180899738
0,0.166611130789542,0.21028237369679,0.1544726233451,0.142537528076933,0.49770325422287,0,0.176426598504649,0.546387338771326
0,0.335896670532601,0.596939781352635,0.228233887882324,0.270529689537946,0.49795538187027,0,0.176426598504649,0.562903635024181
1,0.791532732711749,0.868858454056149,0.766601534302924,0.705743020108587,0.500418543815613,1,0.75966414440351,0.661662423376204
0,0.16259146259998,0.177783798756041,0.133215137074997,0.136685165014006,0.497610688209534,0,0.176426598504649,0.541257644805748
0,0.113534680960401,0.149485454739578,0.0911991967949414,0.115745532087082,0.497610688209534,0,0.176426598504649,0.541018986305086
1,0.935269272210788,0.933742613490961,0.711441106990638,0.606801235104724,0.500711381435394,0.693889235468865,0.75966414440351,0.67109664215618
0,0.204260895993314,0.20269417839823,0.158465000856625,0.159516643971998,0.497610688209534,0,0.176426598504649,0.546894391760573
0,0.105894282723482,0.167261037255524,0.114674883627912,0.10984650725128,0.497721016407013,0,0.176426598504649,0.540261121765023
0,0.457764167462555,0.702084744495585,0.334392881919426,0.401585438212803,0.499710738658905,0.306110764531135,0.150642322364192,0.600777768873686
0,0.483149236401758,0.723123344262639,0.385341838262259,0.476218899779195,0.499060928821564,0.306110764531135,0.142426576157383,0.612572744948724
0,0.470565877971644,0.377487711106057,0.499533898006901,0.515074673468926,0.498582601547241,1,0.522380655504327,0.619135905482409
0,0.203776826774865,0.190138430498711,0.145494397348205,0.168345519853004,0.498066127300262,0.306110764531135,0.202951100876261,0.563275265535594
0,0.22825941578547,0.225409595236264,0.230717690274986,0.27135816421744,0.497901082038879,0.306110764531135,0.199045529808762,0.565379542322395
0,0.410085989965755,0.623540361179575,0.375112928312799,0.458400470623582,0.498135447502136,0,0.199045529808762,0.568731932423942
0,0.220928240434884,0.237767729906947,0.30585424970059,0.17875920495664,0.499647855758667,0,0.176426598504649,0.545111111883649
1,0.757236625080997,0.808590144212259,0.758359835961796,0.842978669104618,0.500463843345642,1,0.75966414440351,0.676734606525337
0,0.343993501346598,0.252938366616187,0.261390146964371,0.325291031809118,0.497955799102783,0.306110764531135,0.202951100876261,0.578068200638171
0,0.153240558366792,0.173939885041687,0.131377595006685,0.138763092372685,0.497610688209534,0,0.176426598504649,0.543338036469692
0,0.201145437030645,0.25741644886346,0.37665802457508,0.28142918571704,0.499259471893311,0.306110764531135,0.109336398888744,0.586445368828559
1,0.779291774485198,0.903012257093438,0.753563214616422,0.834315661055843,0.50056454539299,1,0.446004969163823,0.678373834474531
0,0.562898829389481,0.756695392486955,0.551135288150453,0.513743085188442,0.500121265649796,0.306110764531135,0.619739176127957,0.624556028729687
0,0.141529658975775,0.195191673454294,0.154869174995463,0.12675802724512,0.497721016407013,0,0.176426598504649,0.543722209144174
1,0.618296180466709,0.784609209360797,0.645942528724299,0.552298970986892,0.501137286424637,1,0.696784602692021,0.637506673706053
1,0.749338369961913,0.808795929211536,0.740352256575175,0.836130698858315,0.499917328357697,0.693889235468865,0.446004969163823,0.668264461913234
0,0.878889907276741,0.882018015177712,0.812350433478477,0.822798663542013,0.500643849372864,1,0.75966414440351,0.659995376823397
1,0.280278162757439,0.224603156943502,0.41826565600694,0.225885006599929,0.499068439006805,0.306110764531135,0.796519599121717,0.563821854289784
0,0.445706238058368,0.692807623058055,0.321420362074995,0.384426524207989,0.499941229820251,0.306110764531135,0.150642322364192,0.597973934557979
1,0.538956681036589,0.745476589475549,0.571748456928286,0.4724782545979,0.500514030456543,0.306110764531135,0.619739176127957,0.625516248091824
1,0.692523264465267,0.820819005986118,0.681119690499492,0.7308968667535,0.500238537788391,1,0.75966414440351,0.663032338525249
1,0.714347959627734,0.822640824707092,0.856755035004233,0.7793029231566,0.501650005578995,1,0.75966414440351,0.661747943510561
0,0.24870179653895,0.245190204805144,0.336064070016308,0.284424279257824,0.498053431510925,0.306110764531135,0.319912954043312,0.586445368828559
0,0.167721490129431,0.184984024452156,0.150805040584799,0.150148477718897,0.497763097286224,0,0.176426598504649,0.544457922966143
0,0.41926818477745,0.361265487005769,0.51775327326622,0.489181967200289,0.498076617717743,1,0.522380655504327,0.616747736717411
0,0.598279307863816,0.77549419583984,0.590098940866753,0.659669986516222,0.500353574752808,0.693889235468865,0.75966414440351,0.639871407799241
0,0.158346667330686,0.182075379463806,0.140608285365073,0.130619741589844,0.49770325422287,0,0.176426598504649,0.545352109843856
0,0.225652995346261,0.223439241021829,0.268185296868805,0.183130594112965,0.498402535915375,0,0.176426598504649,0.549975208905672
1,0.574405237947689,0.417204165390818,0.55280159497346,0.636745718373737,0.498991906642914,1,0.380954521030003,0.621852423610883
1,0.366611518335644,0.313426877419279,0.466714638156587,0.47027177889069,0.497790694236755,0.306110764531135,0.522380655504327,0.610473142638675
1,0.22781751618078,0.225503993999497,0.220006438526863,0.234400451815252,0.497790694236755,0,0.199045529808762,0.558627913829343
0,0.140509423339178,0.190697101507748,0.160152857583677,0.128350464841314,0.49770325422287,0,0.176426598504649,0.540527976409561
0,0.161800255113783,0.179011862509704,0.110717174945778,0.132995235345619,0.497610688209534,0,0.176426598504649,0.541973470805222
0,0.216795773552478,0.214188057078902,0.162916850664128,0.196971280430248,0.497610688209534,0,0.176426598504649,0.55571213546646
0,0.254754889616078,0.24376790278469,0.329697291330427,0.259351783164779,0.498076617717743,0.306110764531135,0.319912954043312,0.58214698433697
0,0.161807271028416,0.177772379409581,0.185477939496693,0.1440233532709,0.49770325422287,0,0.176426598504649,0.541367630151718
0,0.246127806198875,0.209300202055513,0.173101359448879,0.199860489648577,0.498066127300262,0.306110764531135,0.202951100876261,0.563759159123702
0,0.233458779474173,0.223593120990329,0.253997850625555,0.23667717063516,0.497790694236755,0.306110764531135,0.319912954043312,0.572141542146027
1,0.746897820770344,0.814299941783099,0.837731884855081,0.831070973186279,0.500799566507339,1,0.75966414440351,0.669867112255765
1,0.932781824490334,0.909657231766488,0.738331644830263,0.761229014446206,0.501652836799622,1,0.75966414440351,0.666756721081188
1,0.641648120469426,0.756917193647489,0.705411440964021,0.550519280854223,0.501496940851212,1,0.696784602692021,0.623244945165072
0,0.236917272363184,0.23532812425675,0.25290121480404,0.208751819231694,0.498006939888,0,0.176426598504649,0.561370320574186
0,0.332522795957902,0.292746463054744,0.348913319107104,0.27783159141887,0.499392688274384,0,0.176426598504649,0.567827232418802
0,0.428106922858564,0.699010785031499,0.296074542685535,0.419155884061894,0.499060928821564,0.306110764531135,0.142426576157383,0.61205356109264
0,0.655973419991389,0.749479245577381,0.461857231589568,0.511174738602912,0.500281542539597,0.306110764531135,0.504565711671957,0.613209510137563
1,0.577381425769643,0.766744190977389,0.576664527095313,0.635474662814115,0.5000079870224,0.693889235468865,0.75966414440351,0.640051565914424
1,0.753265152195341,0.85160906501609,0.695984925852582,0.698232912141983,0.500238537788391,1,0.75966414440351,0.658464674927971
0,0.483762170834112,0.71170867406245,0.401614355456359,0.423612093600433,0.500056266784668,0.306110764531135,0.504565711671957,0.600562254392838
1,0.681208132369389,0.811206754121304,0.769550382724025,0.747098861721277,0.50148344039917,1,0.75966414440351,0.656055436712788
0,0.383728161045909,0.27550870764187,0.313331649697678,0.449190476887109,0.497955799102783,0.306110764531135,0.525701174736548,0.592678841188847
0,0.208276744727414,0.209945925186246,0.22344655470347,0.16544571844454,0.498003482818604,0,0.176426598504649,0.550158351299883
1,0.630272047348621,0.810918808760279,0.743692080951588,0.70259307549706,0.500455915927887,1,0.75966414440351,0.653499506538893
0,0.733239213114969,0.842394452003409,0.710511322557076,0.723495354084912,0.500238537788391,1,0.75966414440351,0.660700882229388
0,0.132098937406294,0.161087251094496,0.104327107335446,0.120751982299934,0.497610688209534,0,0.176426598504649,0.541472570773375
0,0.717447030625494,0.838638783211599,0.665937365965367,0.702436279721517,0.499358236789703,1,0.677997225132182,0.658418096559027
1,0.510612591060998,0.726307223757438,0.451361681277057,0.460892853988251,0.500056266784668,0.306110764531135,0.357495473788246,0.610248439441283
1,0.658911751518611,0.809799053862327,0.737773709830748,0.755080283987876,0.500073075294495,1,0.75966414440351,0.667388170857188
0,0.0709294579906018,0.144444140809066,0.0761882031888332,0.0909725546437998,0.497721016407013,0,0.176426598504649,0.545281921440041
0,0.386635634403281,0.692071392623309,0.355961872530902,0.387499384578592,0.499060928821564,0.306110764531135,0.142426576157383,0.611168057739391
1,0.368281895902335,0.271134340931169,0.376709146126087,0.303194187207536,0.498948276042938,0.306110764531135,0.796519599121717,0.571550278878535
1,0.312705917340182,0.268751759068909,0.41979467398829,0.360040225309188,0.498487830162048,0.306110764531135,0.319912954043312,0.586962758889551
1,0.256452108107105,0.217519177218319,0.236276978029194,0.208047127265357,0.498348593711853,0.306110764531135,0.202951100876261,0.568478706971778
1,0.560379613437322,0.753409995701795,0.561464720557385,0.515761392841449,0.500187337398529,1,0.696784602692021,0.614083553267945
0,0.238573092189591,0.230273164912278,0.245117780635274,0.288902992031024,0.497790694236755,0,0.199045529808762,0.569671311920022
0,0.418707343673066,0.406452411232268,0.276269007511216,0.480331719223133,0.497901082038879,0,0.522380655504327,0.61388993095888
1,0.306287787575449,0.275366392287137,0.4388114228226,0.402961290706414,0.497943103313446,0.306110764531135,0.319912954043312,0.601370274105335
1,0.711298522796577,0.832282949560634,0.75223522993645,0.774966498707588,0.500932902097702,0.306110764531135,0.75966414440351,0.659976649476866
0,0.207175895051061,0.203686966563558,0.167093945514293,0.160705843458085,0.497610688209534,0,0.176426598504649,0.546686927863798
1,0.264510045095763,0.256412039169758,0.280033529652615,0.207488558528946,0.498245239257812,0,0.745767323256788,0.555378252551382
0,0.321607989655909,0.279790917977533,0.415603497194422,0.424402023339099,0.497790694236755,0.306110764531135,0.319912954043312,0.601054483828544
0,0.182022956005252,0.198336062139336,0.186978949971793,0.148514849253978,0.498006939888,0,0.176426598504649,0.54973872251732
0,0.459045271124759,0.69968135706525,0.325348929849103,0.404047272132829,0.499941229820251,0.306110764531135,0.150642322364192,0.597352985575957
0,0.933318946545641,0.924900191407689,0.473117552848894,0.575649886163446,0.500728785991669,0.693889235468865,0.109336398888744,0.653361886359425
0,0.413596062672548,0.677741780242938,0.246694469126006,0.36967364440365,0.499060928821564,0.306110764531135,0.142426576157383,0.597403782420142
0,0.100365320925683,0.148974922795975,0.0872000797901988,0.0975850317885115,0.497721016407013,0,0.176426598504649,0.547533819063725
0,0.867245124897576,0.893478216867967,0.532018205089725,0.627441722955966,0.499895393848419,0,0.677997225132182,0.653361886359425
0,0.382464942887333,0.671230803354203,0.238560170867745,0.344498847492749,0.499060928821564,0.306110764531135,0.142426576157383,0.600719246074563
0,0.211599233043348,0.206370430502565,0.180620834946674,0.164415391787166,0.497610688209534,0,0.176426598504649,0.548406642014917
0,0.144395810176008,0.169610303055299,0.14877561399536,0.131683621790565,0.49770325422287,0,0.176426598504649,0.542720374380945
1,0.655463755800061,0.799791851113464,0.734362748312563,0.738804643240959,0.500353574752808,0.693889235468865,0.75966414440351,0.664549780772822
1,0.540852731124245,0.738715238031812,0.823233003055662,0.466644170277369,0.501352697610855,1,0.696784602692021,0.625061665494397
0,0.229044137362137,0.200864556822112,0.167160313564042,0.186571232094732,0.498066127300262,0.306110764531135,0.202951100876261,0.563275265535594
1,0.646978405853393,0.80401161315041,0.682013298901627,0.714961820480256,0.500711023807526,0.693889235468865,0.75966414440351,0.652688302348032
0,0.0901188243270072,0.155210050844264,0.10177756398424,0.114583525420413,0.497610688209534,0,0.176426598504649,0.540627280474473
1,0.683590478549571,0.468712228842892,0.655871702753155,0.613801853917729,0.499912023544312,0.306110764531135,0.894170215209209,0.620071377158094
1,0.121594247086867,0.154210938987409,0.100459709926391,0.119331058783485,0.497610688209534,0,0.176426598504649,0.540858608753409
1,0.730194663206508,0.836392898715708,0.823027059294318,0.789405986954655,0.501815855503082,1,0.75966414440351,0.669351378224996
0,0.139782878253024,0.164770268386745,0.117166834755876,0.127966211055267,0.497610688209534,0,0.176426598504649,0.540721641112682
0,0.294228401337462,0.238375578523462,0.193751181035232,0.278908885822835,0.497955799102783,0.306110764531135,0.202951100876261,0.572208007796211
1,0.782101708878631,0.87071299931424,0.734826327994941,0.704776588727589,0.500099509954453,1,0.677997225132182,0.668641881687882
1,0.498961427155443,0.723642552358773,0.36525012618897,0.436876382878938,0.500121265649796,0.306110764531135,0.619739176127957,0.612324941602935
1,0.573499697756199,0.760322757879703,0.561464720557385,0.541545780497166,0.500187337398529,1,0.696784602692021,0.616828706618225
1,0.651364111987222,0.815880499032478,0.834276750901638,0.73273470566309,0.501312971115112,1,0.75966414440351,0.658394861928905
0,0.270464401153986,0.252646845234066,0.344063446049658,0.376595179816454,0.497901082038879,0.306110764531135,0.319912954043312,0.589100935363607
1,0.626999480731899,0.789354402460078,0.66960110177925,0.726657111447341,0.500353574752808,1,0.75966414440351,0.657192511383727
1,0.353580047106863,0.733749401315849,0.704386709254233,0.510667995220202,0.501015275716782,0.693889235468865,0.677997225132182,0.645746501300287
0,0.302922977759656,0.29084975407764,0.368311495054502,0.462803675328618,0.498225748538971,0.306110764531135,0.380954521030003,0.593134807073663
0,0.130282078588458,0.159838142155266,0.110717174945778,0.120713627739297,0.497610688209534,0,0.176426598504649,0.541504568496759
0,0.611669820254385,0.729495619285164,0.351901330559708,0.457933141556429,0.499620079994202,0.306110764531135,0.142426576157383,0.622114497008674
0,0.516740198049969,0.730948434145848,0.486050186961651,0.455197785922105,0.500056266784668,0.306110764531135,0.357495473788246,0.606695101099856
1,0.692927615029597,0.820937828276838,0.693265027010482,0.738434845935933,0.500353574752808,1,0.75966414440351,0.663599622367718
0,0.205425417829348,0.208673125196351,0.179896852536038,0.182404623590769,0.497721016407013,0,0.176426598504649,0.553866469984627
1,0.770900629914256,0.817394892474936,0.754136532579554,0.847325985603452,0.500233292579651,1,0.75966414440351,0.680944162223768
1,0.617435230756371,0.789654555056648,0.6645949195458,0.724695067888511,0.499358236789703,1,0.677997225132182,0.663702664144866
0,0.563763821504884,0.755416253324373,0.601083185561253,0.500718098646593,0.500252306461334,1,0.696784602692021,0.622390342889468
1,0.24699855914444,0.237871252378367,0.280468405718307,0.316395322885142,0.497901082038879,0.306110764531135,0.319912954043312,0.579558252415737
0,0.222048714751273,0.220188628693322,0.210945877071085,0.237243984354596,0.497790694236755,0,0.199045529808762,0.561262543306102
0,0.20807154912287,0.213795714895463,0.130706441128436,0.185350807093711,0.497828006744385,0.306110764531135,0.202951100876261,0.556521419541224
0,0.145141973652992,0.167248054250766,0.138610241877309,0.132744612871478,0.497610688209534,0,0.176426598504649,0.540882025894876
1,0.695232856843646,0.813508650702871,0.842502962731741,0.729515243911524,0.501650005578995,1,0.75966414440351,0.648773413582809
1,0.701116080627644,0.84010701431429,0.735550678259998,0.747605445565062,0.500932902097702,1,0.75966414440351,0.654200130217066
1,0.187151100069803,0.194658102334574,0.129126283956096,0.148130726911522,0.497610688209534,0,0.176426598504649,0.5483165299795
1,0.697312739509398,0.814789766771264,0.806924138380983,0.757756427550277,0.50148344039917,1,0.75966414440351,0.658342077297207
1,0.248728696925266,0.264870759601572,0.413016772656294,0.377282732001774,0.497883260250092,0.306110764531135,0.522380655504327,0.603009029148833
0,0.268710396322297,0.245144667003991,0.303275975502847,0.314433385767695,0.497790694236755,0.306110764531135,0.319912954043312,0.582402462147975
0,0.200478477872153,0.206068675117006,0.153766203634658,0.166647323617014,0.497610688209534,0,0.176426598504649,0.550228603660833
1,0.712292104413679,0.837776456638488,0.750258953670425,0.796684149564301,0.500480532646179,1,0.75966414440351,0.668806763561885
1,0.550279448574954,0.748666878008879,0.534500069141477,0.491632570998856,0.500252306461334,1,0.696784602692021,0.619254974521674
1,0.604288261228421,0.723655982974413,0.428432450821812,0.422977677417102,0.500178277492523,0.306110764531135,0.150642322364192,0.622114497008674
1,0.218710022879453,0.250035003985446,0.180000810370299,0.18993777658779,0.498359441757202,0,0.157841445202657,0.551811889565367
1,0.767869399196601,0.85133631532292,0.839166123002813,0.66449493592719,0.501650005578995,0.693889235468865,0.75966414440351,0.662219889282607
1,0.923940678532996,0.928351614945026,0.655131695445315,0.589430389580823,0.499667227268219,0.693889235468865,0.446004969163823,0.668139254117936
0,0.840342024595849,0.889082389843837,0.799913872888519,0.702459739726607,0.5008684694767,1,0.75966414440351,0.6626271678379
0,0.350664383814431,0.670405206131835,0.517493487160855,0.341323000101759,0.499776124954224,0.306110764531135,0.142426576157383,0.605902597673978
0,0.181774391900777,0.191499602357007,0.140752912655052,0.141952927418762,0.497610688209534,0,0.176426598504649,0.543733725091561
0,0.176213277111652,0.190405669337354,0.133194165804252,0.140421651872876,0.497721016407013,0,0.176426598504649,0.542925016859324
0,0.736994997504383,0.840623494168311,0.799127191555765,0.765555776615769,0.500484585762024,1,0.75966414440351,0.664637493819568
1,0.446355394176222,0.717728236264463,0.51600220831719,0.441134949481888,0.500187337398529,1,0.696784602692021,0.619154725609045
1,0.234953285440195,0.227490536642259,0.258205429872503,0.242202547398129,0.497901082038879,0.306110764531135,0.319912954043312,0.574526375272891
0,0.106555787254658,0.146292111682895,0.0867381564845112,0.112269012189725,0.497610688209534,0,0.176426598504649,0.541085717277506
0,0.182118287317768,0.222016643310743,0.25550212358304,0.205715382468124,0.497790694236755,0.306110764531135,0.319912954043312,0.572238466475393
0,0.532609935045541,0.704619808680341,0.345659158801021,0.492377028598862,0.500038802623749,0.306110764531135,0.150642322364192,0.612223185441943
0,0.486488468708626,0.727272302302917,0.387440120286251,0.481781320877303,0.499060928821564,0.306110764531135,0.142426576157383,0.614726630660523
1,0.554328107887742,0.748843188382736,0.526911957317143,0.532421773758715,0.500187337398529,1,0.696784602692021,0.624891463064477
1,0.747203111631372,0.841739522498568,0.775143477362337,0.809651766176134,0.501643240451813,1,0.75966414440351,0.666498874442996
1,0.350179049502764,0.2612840988353,0.25394797140379,0.400101248086536,0.497955799102783,0.306110764531135,0.525701174736548,0.588438913103079
0,0.470159225224437,0.392435834218014,0.280403276976655,0.49258151645086,0.497790694236755,0,0.65085006751936,0.601505354962512
0,0.301403806318813,0.273927950969228,0.389655715993545,0.315848041856365,0.498183488845825,0.306110764531135,0.319912954043312,0.585009299511765
0,0.631458516157601,0.795943166800009,0.69171147319876,0.734754011244925,0.500073075294495,1,0.75966414440351,0.659657481871353
0,0.13631546593241,0.16491361625125,0.109651478108287,0.12002528074685,0.497721016407013,0,0.176426598504649,0.541013877940509
1,0.858576325190355,0.898761471936859,0.816992742287742,0.704804548740557,0.501009106636047,1,0.75966414440351,0.668139254117936
0,0.449692151596675,0.718949931226539,0.532464533758134,0.441396212531928,0.500187337398529,1,0.696784602692021,0.614905938786025
0,0.145209969847276,0.167564379937929,0.133215137074997,0.13102092087392,0.497610688209534,0,0.176426598504649,0.541113385477761
0,0.272207819767793,0.248695119791067,0.31146523538528,0.360788750187938,0.497790694236755,0.306110764531135,0.199045529808762,0.580837096844221
0,0.283771587865487,0.251247985356834,0.350701260256289,0.330064528359958,0.497883260250092,0.306110764531135,0.319912954043312,0.57937113134531
0,0.221609353642045,0.218186272014019,0.154423298741329,0.198911157841276,0.497828006744385,0.306110764531135,0.202951100876261,0.553479863045104
1,0.716180687360973,0.890694807448877,0.717128403624628,0.773870817359737,0.50056454539299,1,0.75966414440351,0.673501215807559
0,0.239936872645955,0.232184132904658,0.206302194717446,0.225610886566708,0.497763097286224,0,0.176426598504649,0.569936532028455
0,0.306938497218683,0.306912654214545,0.464755935377025,0.467079941640152,0.497790694236755,0.306110764531135,0.522380655504327,0.612434194537438
0,0.157374068276852,0.187470411972296,0.165662433311872,0.144938946468507,0.498006939888,0,0.176426598504649,0.54742400021185
0,0.278610455440192,0.259302847281999,0.360943874343122,0.402549636077367,0.497901082038879,0.306110764531135,0.65085006751936,0.593419568181149
0,0.146936422413665,0.195537267538538,0.157631984084008,0.127339673175535,0.49770325422287,0,0.176426598504649,0.54344619850764
1,0.211648262552508,0.237820400323997,0.352987667344934,0.228242898088782,0.498186945915222,0.306110764531135,0.89417021520921,0.579084920924279
0,0.236765530118356,0.225358237700985,0.222585821697939,0.246505521946614,0.497790694236755,0.306110764531135,0.199045529808762,0.563670474671975
0,0.14622238224113,0.193512304909399,0.148078935364372,0.129965689536059,0.497610688209534,0,0.176426598504649,0.540599520077569
1,0.51437116042622,0.427439474900924,0.496773595181539,0.518903741097384,0.498425245285034,1,0.522380655504327,0.614308581803686
1,0.186070002104587,0.193223150469255,0.140752912655052,0.144973428229084,0.497610688209534,0,0.176426598504649,0.543190748505705
0,0.252795403185538,0.282098643286254,0.190935467863969,0.215689397375,0.498362898826599,0,0.157841445202657,0.56197359209495
0,0.246804418189011,0.228320228761815,0.198816554817069,0.213810888935289,0.497610688209534,0,0.176426598504649,0.556700048440677
0,0.279366780513361,0.225347898702158,0.193965209781947,0.231007619764384,0.498066127300262,0.306110764531135,0.202951100876261,0.563455929691945
0,0.287599164700014,0.287754230362735,0.240981280692729,0.21392927944913,0.49915623664856,0,0.176426598504649,0.550193809293322
0,0.147200320974358,0.196623379226084,0.142272223583751,0.129353705123738,0.497610688209534,0,0.176426598504649,0.543035446117178
0,0.191419583440418,0.200095801779524,0.14526657699657,0.158230939095316,0.497610688209534,0,0.176426598504649,0.549146028178432
0,0.227340680718587,0.220752732693254,0.212961367609526,0.227088777061691,0.497790694236755,0,0.199045529808762,0.561397699616839
0,0.32331265173221,0.605087278738845,0.31811717144832,0.308793762897977,0.498228013515472,0.306110764531135,0.199045529808762,0.557592668298061
0,0.129231854863649,0.184426644738004,0.126964870191822,0.119280696243945,0.497721016407013,0,0.176426598504649,0.540599520077569
1,0.749583411742942,0.795355251842218,0.800582842010909,0.725334305011757,0.501559615135193,1,0.696784602692021,0.640156493677361
1,0.599754371860783,0.780763029581043,0.648532139134766,0.619938455436682,0.500589460134506,1,0.75966414440351,0.647374189671045
1,0.789413603270517,0.872119147104479,0.731056206696101,0.753631044843605,0.500480532646179,1,0.75966414440351,0.667858827030337
0,0.481578396644955,0.363385646222452,0.488148699541102,0.579070464180192,0.498639404773712,0.306110764531135,0.380954521030003,0.616249132977783
1,0.637327927596599,0.791979439328125,0.679674775279627,0.734078892667454,0.500353574752808,1,0.75966414440351,0.660232269909514
1,0.658147330238657,0.816824566262125,0.792379928653542,0.714933638580008,0.500705927610397,1,0.75966414440351,0.66113400860036
0,0.449976090096961,0.70195569609344,0.304028921745298,0.421420997434973,0.499060928821564,0.306110764531135,0.142426576157383,0.609664815638656
0,0.532253538136419,0.7408858827625,0.458973722201883,0.505181869313265,0.499941229820251,0.306110764531135,0.357495473788246,0.61235209748973
0,0.278766610642436,0.255293452444211,0.364524776672567,0.338992729929231,0.497790694236755,0.306110764531135,0.319912954043312,0.589073047658799
1,0.772658010692595,0.856507500066857,0.850770964839049,0.815709655593201,0.50176477432251,1,0.75966414440351,0.667773622220316
1,0.416381192508242,0.702038134311194,0.505491015342178,0.406097662557709,0.500056266784668,0.306110764531135,0.89417021520921,0.627030878006462
0,0.436829734445638,0.351977701581112,0.503051989354568,0.500421527102042,0.498487830162048,0.306110764531135,0.522380655504327,0.613366152711964
0,0.175093531076667,0.187597171794206,0.159369022096309,0.142353689659317,0.49770325422287,0,0.176426598504649,0.542622162522512
1,0.561822851415534,0.764766511350777,0.528259832549024,0.645488186486666,0.499358236789703,0.693889235468865,0.677997225132182,0.641326491986367
0,0.0852245836346369,0.15524826461922,0.219613762986114,0.106136524079479,0.498575150966644,0,0.176426598504649,0.547533819063725
1,0.615525601310385,0.787398273939676,0.634745005046591,0.722424292161275,0.5000079870224,1,0.446004969163823,0.658947101056893
1,0.163661278401893,0.180276718776272,0.269940324777416,0.15154120415806,0.498575150966644,0,0.176426598504649,0.541407426449305
0,0.472392829994918,0.715710962861517,0.361935314770283,0.432862768090169,0.499394714832306,0.306110764531135,0.142426576157383,0.615317268937011
0,0.174914896320825,0.18608672737463,0.165151341072017,0.146623828800951,0.49770325422287,0,0.176426598504649,0.540830538658226
1,0.779280987322451,0.899484457677006,0.747975356602322,0.833645498459329,0.500698238611221,0.693889235468865,0.75966414440351,0.671456012515374
1,0.738423592899158,0.848098280701284,0.606826302580365,0.616889770339312,0.500149458646774,0.693889235468865,0.75966414440351,0.659984333261231
1,0.653776173334703,0.817541261223072,0.828879735943164,0.735355766195945,0.501213163137436,1,0.75966414440351,0.658720478279419
0,0.542649805117985,0.746836788870374,0.471102996710213,0.488553196264713,0.500121265649796,0.306110764531135,0.619739176127957,0.622390342889468
1,0.389966510821729,0.318812231341537,0.467650110209226,0.518684842589105,0.498378157615662,1,0.380954521030003,0.610939010837715
0,0.257033804662654,0.278013927683733,0.389575174522655,0.432999780310769,0.497790694236755,0.306110764531135,0.522380655504327,0.609595272104344
1,0.445214421821837,0.3563777754579,0.382643135216744,0.520924200579364,0.498225748538971,0.306110764531135,0.894170215209209,0.607438761353199
0,0.171475908782832,0.192942450676947,0.133205247255357,0.176391673352972,0.497828006744385,0.306110764531135,0.202951100876261,0.552575072297312
0,0.22633958419721,0.219478002873643,0.165525021784802,0.212104113603476,0.497610688209534,0,0.176426598504649,0.558173058954953
1,0.515668553405165,0.754678582989378,0.672337097175272,0.495386442991146,0.500794351100922,1,0.696784602692021,0.631745932120333
0,0.125158161666461,0.180655451148458,0.122508432717471,0.122882080689629,0.497610688209534,0,0.176426598504649,0.54244219825466
0,0.411461987843679,0.323013068205476,0.48278525100268,0.52618209467691,0.498115360736847,0.306110764531135,0.380954521030003,0.601235545922343
1,0.695240904555147,0.824810761592948,0.752862811637298,0.765302406257173,0.500418543815613,1,0.75966414440351,0.669351378224996
0,0.166094817900718,0.181113822978715,0.110184654630325,0.134269690530461,0.497610688209534,0,0.176426598504649,0.542371380917612
1,0.760885646990027,0.819222833479634,0.73272801397086,0.837160230456311,0.500324875116348,1,0.677997225132182,0.672176095240521
0,0.199205249822266,0.199134890796646,0.208939723230155,0.156406012911111,0.49770325422287,0,0.176426598504649,0.542464569499224
1,0.534414109450969,0.764694109397583,0.640926322108086,0.598749679608399,0.500353574752808,1,0.75966414440351,0.650166507378224
0,0.300101452782829,0.272249100408278,0.388519989478752,0.418419595276866,0.497901082038879,0.306110764531135,0.522380655504327,0.604801260365074
0,0.763723367257838,0.855664724681038,0.732092914656404,0.706953198695533,0.500353574752808,1,0.75966414440351,0.658141195416416
1,0.426167885377807,0.345682261887658,0.495884004019262,0.493637752662424,0.497883260250092,0.306110764531135,0.522380655504327,0.612479419840034
0,0.195181053974103,0.1996990525555,0.127166330285499,0.154119901170705,0.497610688209534,0,0.176426598504649,0.546365735947493
0,0.64657108352213,0.812202685746931,0.758938876390072,0.742289658491905,0.499977946281433,1,0.677997225132182,0.668474449909414
1,0.729322994971224,0.790277003997503,0.719867106528672,0.827246418121778,0.500463843345642,0.693889235468865,0.75966414440351,0.671790761119496
1,0.172939537084495,0.187729071787225,0.15669217618178,0.138732214135494,0.49770325422287,0,0.176426598504649,0.544241507575241
0,0.618657038537106,0.783613003753709,0.728460673031488,0.619794664825816,0.500549554824829,1,0.75966414440351,0.642233893908086
0,0.150162946402018,0.199072072582262,0.15000651196177,0.129839792154238,0.497610688209534,0,0.176426598504649,0.542865362236691
0,0.271181409670468,0.247849550402117,0.318608963847023,0.304575239175839,0.497790694236755,0.306110764531135,0.319912954043312,0.581478491157692
0,0.949184221898751,0.917755840143385,0.475466709522704,0.588531449027333,0.500247001647949,0.693889235468865,0.109336398888744,0.653913660103844
0,0.305519496921898,0.235867334335953,0.237637559689346,0.251153270904178,0.497955799102783,0.306110764531135,0.202951100876261,0.566481305877563
1,0.16132727332335,0.17763994023386,0.174780042517524,0.147734810002169,0.49770325422287,0,0.176426598504649,0.541650349202884
0,0.395914230144833,0.334714246705299,0.554267156777279,0.488575976510898,0.498425245285034,1,0.522380655504327,0.608203111620133
1,0.231462812728003,0.221466815503062,0.260020187432616,0.223362828814292,0.497790694236755,0.306110764531135,0.319912954043312,0.568824407757359
1,0.695753531492228,0.824161035343787,0.82078868309162,0.77921677671301,0.500570952892303,1,0.75966414440351,0.665367165761207
1,0.570995014799405,0.757303676818664,0.595330114513273,0.545194087763836,0.500187337398529,1,0.696784602692021,0.624542305781209
1,0.711767300316885,0.84135791824061,0.847519271874282,0.720675381115009,0.501091599464417,1,0.75966414440351,0.654254880627795
0,0.283789821929173,0.261808376730802,0.355719448562852,0.401331426461343,0.497901082038879,0.306110764531135,0.319912954043312,0.594964284574468
1,0.390680326394215,0.691427137960335,0.651675487163209,0.385488035507804,0.50152987241745,1,0.696784602692021,0.608954906261855
0,0.248193466104463,0.232437965388217,0.188611726505479,0.221288447148302,0.497828006744385,0.306110764531135,0.202951100876261,0.558869725117285
1,0.721833983411956,0.798894124709803,0.792017878747129,0.81460735222829,0.500582128763199,1,0.75966414440351,0.669678851410696
1,0.375227506022139,0.326019740017502,0.516927740466934,0.477798651238881,0.498183488845825,1,0.522380655504327,0.615518418020916
0,0.48055348464955,0.392689484364244,0.401338446116292,0.498468396901993,0.497790694236755,0.306110764531135,0.522380655504327,0.612000712586521
0,0.673536538359512,0.81060097059857,0.767952568540859,0.762639161800118,0.500484585762024,1,0.75966414440351,0.665573285060288
0,0.422148998231078,0.706491568887629,0.444203727410841,0.430122785288159,0.500121265649796,0.306110764531135,0.619739176127957,0.623096679955623
0,0.59077497714366,0.766806784590028,0.62930694638756,0.616894335328748,0.500484585762024,0.693889235468865,0.75966414440351,0.640220275850903
1,0.403385043310914,0.694459771315495,0.452478211190494,0.41008888222742,0.500056266784668,0.306110764531135,0.357495473788246,0.614136341302334
1,0.275906230674924,0.248154085530401,0.300215312655858,0.233519034960746,0.498454988002777,0,0.176426598504649,0.566857364265165
0,0.769632079438538,0.864375469296096,0.42576753790555,0.608378915568686,0.499154090881348,0.693889235468865,0.677997225132182,0.657954506945758
1,0.631330996943806,0.796398396642533,0.704339098540455,0.731857581859232,0.500073075294495,1,0.75966414440351,0.659667723204887
1,0.672369730898695,0.812617893986659,0.762075642725617,0.763803161598423,0.500418543815613,1,0.75966414440351,0.663366390902856
1,0.423341033535429,0.302563034961779,0.424551257318336,0.525876463772205,0.498243153095245,0,0.199045529808762,0.593687421053802
0,0.187015875201557,0.22244966378721,0.249018700445359,0.193045637303726,0.497790694236755,0.306110764531135,0.319912954043312,0.565599748529429
1,0.727631432096716,0.835152781685653,0.838232951467598,0.798351974353126,0.501695692539215,1,0.75966414440351,0.665937414457165
0,0.229028295992574,0.200866850627421,0.204898135177064,0.186186704120132,0.498048365116119,0.306110764531135,0.202951100876261,0.563821854289784
1,0.371209742860576,0.358605013950438,0.530571840352863,0.469177184097708,0.498186945915222,1,0.522380655504327,0.619135905482409
0,0.466017149677787,0.703566876811602,0.38369770223979,0.388192353745551,0.500121265649796,0.306110764531135,0.504565711671957,0.608080498652618
1,0.515559766061522,0.732624980905859,0.403938973273837,0.473928872533449,0.499941229820251,0.306110764531135,0.357495473788246,0.612399598920266
1,0.164745689726328,0.185101281955621,0.128474952277379,0.136050667493897,0.497721016407013,0,0.176426598504649,0.544428560489238
0,0.257715306971007,0.244610417125479,0.329697291330427,0.260635878955902,0.498076617717743,0.306110764531135,0.319912954043312,0.58214698433697
1,0.774147611394975,0.829350429491631,0.775628102184488,0.857728018287055,0.500324875116348,1,0.677997225132182,0.678381979318426
0,0.608715536530975,0.777636862925981,0.617433453699551,0.699069123458469,0.500353574752808,0.693889235468865,0.75966414440351,0.65345691141167
1,0.792736547061999,0.873836803068054,0.643528201664336,0.591071690367809,0.499154090881348,0.693889235468865,0.677997225132182,0.657954506945758
1,0.290497791701885,0.261699088281297,0.400250585937047,0.305080256810399,0.498183488845825,0.306110764531135,0.319912954043312,0.587713138796709
1,0.390633083667062,0.336366058539296,0.474324391525268,0.478748128796821,0.497790694236755,1,0.522380655504327,0.616697175821944
1,0.274672922047433,0.284381010920896,0.417661163321178,0.41910727666129,0.497901082038879,0.306110764531135,0.522380655504327,0.606703005963815
0,0.148419643034618,0.169253674484021,0.139670299281633,0.135848423746382,0.497610688209534,0,0.176426598504649,0.540948759884178
0,0.135331631650048,0.200277457923033,0.170050831681226,0.124135309210385,0.497610688209534,0,0.176426598504649,0.547684546614501
0,0.727346117965955,0.834089024647478,0.756259508784052,0.750638602178172,0.500484585762024,1,0.75966414440351,0.661134286067644
0,0.172446111792426,0.188189984505414,0.133194165804252,0.137495364824872,0.497721016407013,0,0.176426598504649,0.543515597655898
0,0.196161391312756,0.197438152466231,0.157288376164484,0.152659274958687,0.497610688209534,0,0.176426598504649,0.543515597655898
1,0.731478519122081,0.789358468789891,0.708928507535435,0.746244816628149,0.500633984804153,1,0.696784602692021,0.638657002970736
0,0.186301659689555,0.199503480418934,0.169468619932994,0.151753665027688,0.497896552085876,0,0.176426598504649,0.54973872251732
0,0.254999739624242,0.306160946042932,0.20428470583524,0.200473083381096,0.498806297779083,0,0.176426598504649,0.545352230372361
0,0.971103249121819,0.920521230335782,0.523933889141398,0.574770009676014,0.500592708587646,1,0.109336398888744,0.654788956747519
0,0.18171394425498,0.189921937879184,0.120294945055862,0.142747395958053,0.497610688209534,0,0.176426598504649,0.542213956492065
0,0.385542428173602,0.695042889474682,0.368620385932292,0.3890319606458,0.499060928821564,0.306110764531135,0.142426576157383,0.613746339490661
1,0.103497284772286,0.166004227240095,0.13121009973914,0.116703731088996,0.49770325422287,0,0.176426598504649,0.543339174920042
0,0.240536915306608,0.231275294325646,0.235823457510148,0.29369066095481,0.497790694236755,0.306110764531135,0.199045529808762,0.573516553659403
1,0.167312561121974,0.187342247802261,0.120535643719557,0.133319259366766,0.497721016407013,0,0.176426598504649,0.545949248997947
1,0.923463046191826,0.929809521519269,0.645813449067787,0.607512795722286,0.500379145145416,0.693889235468865,0.75966414440351,0.665329040803344
0,0.171522932561103,0.225258363269312,0.201114907742086,0.148708993966442,0.497896552085876,0,0.176426598504649,0.550315455036752
0,0.208100551673267,0.210178735473207,0.169098414713342,0.16394687109667,0.497763097286224,0,0.176426598504649,0.549848278937116
1,0.923369334164645,0.931152847385986,0.626072312165687,0.626489652860088,0.500451982021332,0.693889235468865,0.677997225132182,0.671285986966453
0,0.253154471747317,0.237296583485505,0.270834899077722,0.303998565836626,0.497790694236755,0.306110764531135,0.319912954043312,0.579558252415737
0,0.186345932633252,0.195299611016021,0.136106619548991,0.147956132148612,0.497721016407013,0,0.176426598504649,0.54691356854134
1,0.593296314525349,0.786794614015292,0.753149128115733,0.679735281707117,0.501577854156494,1,0.75966414440351,0.661682510181451
1,0.217579929015211,0.21299202498186,0.147027320743198,0.193654496407514,0.497610688209534,0,0.176426598504649,0.554119835496556
0,0.630238595333891,0.794270944047134,0.651518052386318,0.691195625037235,0.499358236789703,0.693889235468865,0.677997225132182,0.661279878607379
0,0.227168340223036,0.216706270737927,0.195873797214353,0.183692749481363,0.497610688209534,0,0.176426598504649,0.55368440935586
0,0.241670031736973,0.226927112865553,0.232575967748795,0.194461757044757,0.497610688209534,0,0.176426598504649,0.558272346132496
1,0.541299828748499,0.766648072408885,0.640917401164188,0.650072314044646,0.500238537788391,0.693889235468865,0.75966414440351,0.661666543239739
0,0.221290756524107,0.219208657533249,0.246399653808201,0.208648605101548,0.497920632362366,0.306110764531135,0.202951100876261,0.553081837612937
0,0.464368604884022,0.705151710267278,0.325242636494816,0.409471262109801,0.499710738658905,0.306110764531135,0.150642322364192,0.6001265539476
0,0.559676949574977,0.762423106281656,0.553862920612227,0.668801254572918,0.499358236789703,1,0.677997225132182,0.653906599107509
0,0.107849765921605,0.148331299083104,0.0939020038795481,0.106053548808138,0.497721016407013,0,0.176426598504649,0.54231410823647
0,0.197482924048386,0.200840811352567,0.158445022825331,0.159856143787398,0.497610688209534,0,0.176426598504649,0.551379370030535
0,0.442694250568666,0.460168421110414,0.342100557174631,0.418167302571383,0.499334692955017,0.306110764531135,0.319912954043312,0.590987856481776
0,0.584821668433474,0.40637861337914,0.4178815909662,0.53670431171777,0.498243153095245,0.306110764531135,0.65085006751936,0.60555686014584
0,0.315110577959598,0.245041144932217,0.352502901306233,0.257211918382293,0.498590409755707,0.306110764531135,0.202951100876261,0.570195769271695
0,0.161909297664035,0.179380236654275,0.117881573423791,0.138699124725045,0.497610688209534,0,0.176426598504649,0.542571215785973
0,0.18506854980174,0.198217125527656,0.137511047573825,0.15454544751376,0.497610688209534,0,0.176426598504649,0.549877026811882
1,0.346447276504574,0.308433354192966,0.498247917706582,0.461374187255823,0.498186945915222,1,0.522380655504327,0.616602310667143
0,0.138557027100337,0.164519762294272,0.104327107335446,0.124985812571055,0.497610688209534,0,0.176426598504649,0.541472570773375
1,0.611758642531863,0.781025990199017,0.659882629249435,0.654988902934025,0.500353574752808,0.693889235468865,0.75966414440351,0.641439655857512
1,0.265234570844841,0.239668761182572,0.308246180608488,0.277382544253966,0.497883260250092,0.306110764531135,0.319912954043312,0.575261417122049
1,0.114482049568434,0.19179394111642,0.15945333259742,0.133942966111094,0.498006939888,0,0.745767323256788,0.549638737483525
1,0.650138334756485,0.797724435584714,0.746716283135895,0.734675866425861,0.500484585762024,1,0.75966414440351,0.658342077297207
0,0.205127989153532,0.209953583527293,0.234488728630341,0.175167116430861,0.498307764530182,0,0.176426598504649,0.540786351104589
1,0.153367943844278,0.174348617318633,0.0985053712322952,0.127540912982485,0.497610688209534,0,0.176426598504649,0.541166921786526
1,0.494616165709413,0.717015975727558,0.509866076004157,0.408926146696274,0.500473648309708,1,0.696784602692021,0.605577245848526
1,0.714699032130807,0.780504628567008,0.66103448312995,0.724079026775894,0.500412613153458,1,0.696784602692021,0.634968769505266
0,0.210954347211231,0.212131441884102,0.156005515956153,0.196925600807036,0.497828006744385,0.306110764531135,0.202951100876261,0.553159780190367
0,0.31193181240386,0.28998962330574,0.372389801351515,0.369294242055279,0.498183488845825,0.306110764531135,0.319912954043312,0.588983485883976
1,0.864107842527024,0.920730587352844,0.838515257693894,0.737306515303791,0.501156032085419,1,0.75966414440351,0.671531608793431
1,0.812935110134351,0.884659874352477,0.770363155463514,0.595945406722008,0.501244187355042,0,0.677997225132182,0.653361886359425
0,0.122087733867252,0.154655643561459,0.106217130315824,0.119607322377908,0.497610688209534,0,0.176426598504649,0.54127317061649
0,0.168650450610016,0.226556166421064,0.305842530025664,0.183544261441077,0.497883260250092,0,0.199045529808762,0.559723094177116
1,0.489506453891843,0.350048825788195,0.546144709320622,0.574935551662256,0.498639404773712,1,0.380954521030003,0.619326553829096
0,0.146017294146706,0.196756264864185,0.172704740240585,0.135979305982358,0.497763097286224,0,0.176426598504649,0.546009468278075
0,0.119723372350427,0.175076217891401,0.109999923671022,0.120061813666296,0.497610688209534,0,0.176426598504649,0.540689570206242
0,0.158378975318826,0.201851684256152,0.180746564676885,0.136060539392711,0.497610688209534,0,0.176426598504649,0.54447808502889
0,0.262123815504703,0.219762213434925,0.161755954374786,0.21876855835253,0.498066127300262,0.306110764531135,0.202951100876261,0.564294856815851
1,0.575341915339974,0.75619457489913,0.659628952962178,0.496835079846984,0.501186162233353,1,0.696784602692021,0.605614934388191
1,0.477361375160783,0.326967415043001,0.57006735716982,0.56886230780522,0.4992356300354,0.306110764531135,0.800162601594983,0.630985909298743
0,0.146708009919446,0.168863129625488,0.112497364700886,0.128916350118816,0.497610688209534,0,0.176426598504649,0.540991040770066
0,0.190684900259712,0.199620762780416,0.154285930015729,0.159655347916539,0.497721016407013,0,0.176426598504649,0.551567327812554
0,0.141363866539907,0.165819880396242,0.118085379647975,0.129458310617056,0.497610688209534,0,0.176426598504649,0.540948759884178
1,0.479113142486439,0.384637411046193,0.520318833897265,0.50257969246905,0.497883260250092,0.306110764531135,0.522380655504327,0.614367776057526
0,0.127777608753709,0.162602020628952,0.138565742647723,0.132418964680132,0.497763097286224,0,0.176426598504649,0.543742710195819
0,0.516100389399077,0.730961519956828,0.417260304228855,0.471964731084149,0.500056266784668,0.306110764531135,0.357495473788246,0.610985103957868
1,0.60322383686648,0.780112532744096,0.624669833899971,0.696470597290518,0.5000079870224,1,0.75966414440351,0.655669195249875
0,0.723557253092811,0.833212662323719,0.682099384780963,0.699584826899503,0.500353574752808,0.693889235468865,0.75966414440351,0.656350658954848
0,0.222227157825537,0.217130586778342,0.197915435809165,0.173780543156164,0.497763097286224,0,0.176426598504649,0.5524930089028
0,0.646374614699006,0.794962967922714,0.693604114893578,0.724163885630979,0.500705927610397,1,0.75966414440351,0.653906599107509
1,0.897358930929951,0.912373075785605,0.589765692558095,0.580938293018194,0.500607222318649,0.693889235468865,0.75966414440351,0.654213951576431
0,0.227994882886368,0.223576799936344,0.266213765086388,0.236973263581034,0.497901082038879,0.306110764531135,0.319912954043312,0.573771438520374
0,0.546218611352739,0.767576513281062,0.66747162572019,0.57931332051161,0.500484585762024,0.693889235468865,0.75966414440351,0.635614645411504
0,0.224146809254001,0.216254561753343,0.179235091258267,0.187519064273464,0.497610688209534,0,0.176426598504649,0.555044850847337
1,0.315451096536716,0.28057957048804,0.479735400823922,0.389166638300468,0.498183488845825,0.306110764531135,0.319912954043312,0.596712139371086
0,0.134564090499028,0.188317738876569,0.140837000723215,0.131092981363172,0.497763097286224,0,0.176426598504649,0.548099137110534
1,0.505000946303095,0.727344582631624,0.372879137652524,0.461430566478308,0.499941229820251,0.306110764531135,0.357495473788246,0.610811044553256
0,0.204265283987992,0.204529104678576,0.171315476671565,0.167708106066243,0.497610688209534,0,0.176426598504649,0.552680946328921
1,0.144299524017261,0.309938900950515,0.459431382718688,0.316233173663688,0.499611616134644,0.306110764531135,0.199045529808762,0.580837096844221
0,0.212520714396079,0.214018781011147,0.208547099251771,0.20807145605967,0.497790694236755,0,0.199045529808762,0.557258695210541
0,0.687474159590772,0.771136746135823,0.493681214037451,0.692368768856086,0.499058127403259,0.306110764531135,0.109336398888744,0.633621584247221
0,0.276747253743694,0.248627525532517,0.269901087508234,0.225507456928626,0.498307764530182,0,0.176426598504649,0.559629925570162
1,0.844429225208144,0.889102784985904,0.805113339005651,0.707015800318724,0.501344382762909,1,0.75966414440351,0.663926971173423
0,0.173380935836738,0.186517802163339,0.253091375808795,0.154401729397431,0.498307764530182,0,0.176426598504649,0.540882025894876
1,0.320836196560364,0.245572056904259,0.373294712157139,0.259533326813746,0.498801112174988,0.306110764531135,0.796519599121717,0.564403450739468
0,0.340809325317106,0.290965700056449,0.329998504235542,0.484086486501296,0.498225748538971,0.306110764531135,0.199045529808762,0.586635774968926
1,0.92324105941264,0.927644145852778,0.653953481472762,0.591139936242069,0.499895393848419,0.693889235468865,0.677997225132182,0.667355602585625
0,0.132841344247847,0.166256285504409,0.101951967766303,0.11417476168543,0.497721016407013,0,0.176426598504649,0.541368578343133
0,0.175277837162012,0.220409322802115,0.172617101628856,0.144639219546251,0.498307764530182,0,0.176426598504649,0.544171219161132
0,0.458523916691349,0.723998000443801,0.612573143252328,0.537002237430848,0.49968296289444,1,0.677997225132182,0.638445820269688
0,0.487440674589795,0.369849365697657,0.486006783019585,0.545069598786289,0.498115360736847,0.306110764531135,0.380954521030003,0.610914628019431
0,0.446912567850693,0.721502818198873,0.408735231194723,0.439917464248498,0.499941229820251,0.306110764531135,0.357495473788246,0.614981137799453
0,0.178747090711633,0.217217982234722,0.249018700445359,0.17919620228256,0.497790694236755,0.306110764531135,0.319912954043312,0.562550959110401
0,0.540517497576504,0.742572971584605,0.508892240247994,0.506942371660091,0.500056266784668,0.306110764531135,0.357495473788246,0.612427776527665
0,0.0975008465515952,0.16182768319743,0.105130337652004,0.117736812876465,0.497610688209534,0,0.176426598504649,0.541976881215582
0,0.298292640611837,0.271773471757362,0.325399144605528,0.308261921292481,0.498487830162048,0,0.199045529808762,0.564413951924135
0,0.118799988582066,0.180056170691402,0.122595006257832,0.111854986037849,0.497721016407013,0,0.176426598504649,0.53989768859315
1,0.212880031609674,0.221400190633656,0.336595542706707,0.197045535308023,0.498940646648407,0.306110764531135,0.796519599121717,0.559538632876859
1,0.112351392703312,0.170795952578294,0.162325464300963,0.124006363481162,0.49770325422287,0,0.176426598504649,0.5409092360247
0,0.433569213676692,0.311457936410177,0.422728629901792,0.533990611370701,0.498353481292725,0.306110764531135,0.380954521030003,0.604348003895342
0,0.151446860730495,0.171731456675395,0.117166834755876,0.131344073783669,0.497610688209534,0,0.176426598504649,0.540759671854208
0,0.197856868826719,0.201649727800145,0.193557569676017,0.154428438218611,0.498307764530182,0,0.176426598504649,0.542570058217084
0,0.184920585202194,0.192327794332495,0.134429360118881,0.146115621997508,0.497610688209534,0,0.176426598504649,0.542531268014442
0,0.324372156918023,0.253533650563144,0.265773860754736,0.318840086592764,0.497955799102783,0.306110764531135,0.202951100876261,0.574369146850809
0,0.616710442085453,0.786914859153637,0.656000751817807,0.698344331847779,0.500303566455841,1,0.75966414440351,0.650872662157555
0,0.189234083105551,0.196497035480702,0.140731943323965,0.151164027963419,0.497610688209534,0,0.176426598504649,0.54866730552177
0,0.152908414160236,0.1734799120832,0.110717174945778,0.130898663474021,0.497610688209534,0,0.176426598504649,0.540559220225847
0,0.130992573926615,0.165403846853653,0.104327107335446,0.116443984269972,0.497610688209534,0,0.176426598504649,0.547397176357568
0,0.293202394033523,0.26457492767056,0.400250585937047,0.307738622332137,0.498183488845825,0.306110764531135,0.319912954043312,0.585088134234239
1,0.763265211748242,0.850682103516615,0.812230157820625,0.756828614951549,0.501750767230988,1,0.75966414440351,0.661023187162071
0,0.190066432429762,0.194567575946933,0.140752912655052,0.148107911906195,0.497610688209534,0,0.176426598504649,0.542834722839719
0,0.717360036901487,0.852467586160601,0.68325127816986,0.650345224219452,0.500099509954453,1,0.677997225132182,0.653875300813595
1,0.589015770048455,0.732944198398818,0.47879565142935,0.553343930237111,0.500153779983521,0.306110764531135,0.89417021520921,0.624605847140029
0,0.250724767170613,0.234666638414067,0.212895302577653,0.237816764218695,0.497828006744385,0.306110764531135,0.202951100876261,0.563861247037698
1,0.293411408787226,0.263517989005668,0.379049448932753,0.409753224862913,0.497790694236755,0.306110764531135,0.65085006751936,0.593419568181149
0,0.0899653905384503,0.155171393761013,0.08296792972763,0.107192305061525,0.497610688209534,0,0.176426598504649,0.542247856470135
0,0.191035172374491,0.210031388973824,0.243429368557904,0.159417253684563,0.498307764530182,0,0.176426598504649,0.545386969274685
0,0.217393433870792,0.211702603335955,0.171819802433936,0.181876641095047,0.497610688209534,0,0.176426598504649,0.554056204005299
0,0.626170317380724,0.798683691232238,0.448050533860599,0.613340482970777,0.500183284282684,0.306110764531135,0.199045529808762,0.642291178705578
0,0.197283326638543,0.245248298264496,0.319578555160812,0.201202694306216,0.498186945915222,0.306110764531135,0.319912954043312,0.5732717525816
0,0.681528830497363,0.822948642502408,0.708322345535494,0.773437996780323,0.500480532646179,1,0.75966414440351,0.66196873744131
0,0.161382867993126,0.208816636294414,0.181482242940352,0.139560358365785,0.498003482818604,0,0.176426598504649,0.547114967162643
0,0.171899813224594,0.211386694841695,0.203555921010548,0.144150656223771,0.49770325422287,0,0.176426598504649,0.543722209144174
0,0.20435435705054,0.205561810453549,0.147027320743198,0.171890964415091,0.497610688209534,0,0.176426598504649,0.552929011885813
0,0.83091079651639,0.888959747804613,0.527538430321524,0.604497084253603,0.50036683678627,0.693889235468865,0.75966414440351,0.651316218941135
0,0.104615139720823,0.165233712963894,0.144882393231797,0.121956218484547,0.49770325422287,0,0.176426598504649,0.540560539443267
0,0.263469983284583,0.244262501583641,0.353059373660895,0.346915966844326,0.497790694236755,0.306110764531135,0.199045529808762,0.579594054851627
0,0.223449775960982,0.214047733390074,0.220881321970772,0.172788135146768,0.49770325422287,0,0.176426598504649,0.547688631985614
0,0.525828130346406,0.76391296792651,0.626765116607572,0.577281849324008,0.500225454568863,0.693889235468865,0.75966414440351,0.639417067076395
1,0.822689853657149,0.849792264443682,0.852205201089217,0.874850524219759,0.501158237457275,1,0.75966414440351,0.680006638809842
1,0.250477403624165,0.235652164443787,0.216961529925337,0.230459643345318,0.497763097286224,0,0.176426598504649,0.569936532028455
0,0.198742121915526,0.204796097113379,0.182817985809297,0.160711291029654,0.497721016407013,0,0.176426598504649,0.550601335309535
0,0.154709500686749,0.18780282635056,0.141532640495093,0.128839381363398,0.497721016407013,0,0.176426598504649,0.548213129145657
0,0.649580363242492,0.514210874846581,0.593430359287755,0.526654433988326,0.499827861785889,0.306110764531135,0.183468435370571,0.590946860836759
1,0.189171728320878,0.195795111698496,0.143406469466991,0.150089061863271,0.497610688209534,0,0.176426598504649,0.548996023653843
1,0.674933994588824,0.778625249063738,0.708889243907089,0.748041406387892,0.50051611661911,1,0.75966414440351,0.655769945007693
0,0.175993881389382,0.195682468308595,0.151074403345295,0.179194252235096,0.497828006744385,0.306110764531135,0.202951100876261,0.552445293895534
0,0.191102455582423,0.196761591016859,0.127166330285499,0.150880626238412,0.497610688209534,0,0.176426598504649,0.54691356854134
1,0.248952613672775,0.231408780329357,0.191913043302329,0.220634266040309,0.497828006744385,0.306110764531135,0.202951100876261,0.555855569289021
1,0.708406756064595,0.826966536221894,0.805242095805394,0.781636378309406,0.500705927610397,1,0.75966414440351,0.667107312723962
0,0.151529144867034,0.203731001569242,0.132090182495661,0.141905499376269,0.497610688209534,0,0.176426598504649,0.547061500827736
0,0.177382094582491,0.196654769895215,0.144506070864869,0.183709001030392,0.497828006744385,0.306110764531135,0.202951100876261,0.551521983772438
0,0.506794247905797,0.725280506065507,0.486050186961651,0.444223833962246,0.500056266784668,0.306110764531135,0.357495473788246,0.603328396053332
0,0.246094858527464,0.214887158998961,0.206844474532567,0.200355597697236,0.498241722583771,0.306110764531135,0.202951100876261,0.569489013520194
0,0.273791526562928,0.586679580010611,0.214150514175148,0.232196694178576,0.49795538187027,0,0.176426598504649,0.548269546627748
0,0.421101457223238,0.692874224194794,0.261394113893674,0.382677608015473,0.499394714832306,0.306110764531135,0.619739176127957,0.609148673745933
0,0.546751976823033,0.706985369644188,0.366162493111391,0.476044590010507,0.499286293983459,0.306110764531135,0.142426576157383,0.614003033815778
1,0.306645528870727,0.234182257633644,0.228755697323268,0.251257045194216,0.497955799102783,0.306110764531135,0.202951100876261,0.563072753638402
0,0.183154370345858,0.192979929999553,0.175417059661702,0.154726835676278,0.497763097286224,0,0.176426598504649,0.548844881850474
1,0.329745517566261,0.25379136242133,0.281683836176347,0.338268169316525,0.497955799102783,0.306110764531135,0.525701174736548,0.577789669936172
1,0.702970982708894,0.823859358292457,0.805242095805394,0.777552786486758,0.500705927610397,1,0.75966414440351,0.667091311260547
1,0.257225505839123,0.244220918885991,0.33233272131876,0.312502823686787,0.497901082038879,0.306110764531135,0.319912954043312,0.58547356512139
1,0.306158058678646,0.265327084743953,0.440551269735104,0.361212356506491,0.497883260250092,0.306110764531135,0.319912954043312,0.59021950030089
1,0.816834928950368,0.845363264118684,0.766123604283777,0.844121309308226,0.500463843345642,1,0.75966414440351,0.675494634179244
0,0.129390869078296,0.185810593864874,0.101821401907326,0.109948751767756,0.497721016407013,0,0.176426598504649,0.542570058217084
0,0.242208124402872,0.2294096956067,0.198528329677257,0.212521879161934,0.497828006744385,0.306110764531135,0.202951100876261,0.555338700719892
0,0.140338389543387,0.165027344933369,0.123750029596838,0.128212588421674,0.497610688209534,0,0.176426598504649,0.541136221724136
0,0.345718310132469,0.267128764933732,0.260196163247075,0.297095983205769,0.498348593711853,0.306110764531135,0.202951100876261,0.575093826833672
1,0.64067295020212,0.80080209500174,0.714701047161437,0.743672148114981,0.500073075294495,1,0.75966414440351,0.663366390902856
1,0.716736822558776,0.837203552283004,0.799212707806755,0.790334197256699,0.500932902097702,1,0.75966414440351,0.670014200963048
0,0.256785146501148,0.247661466678789,0.331581985575186,0.315069795674939,0.497901082038879,0.306110764531135,0.319912954043312,0.589073047658799
0,0.199124318293718,0.235553504837025,0.292060143118504,0.295955725677548,0.497790694236755,0.306110764531135,0.199045529808762,0.58255709226406
0,0.152964568562023,0.177758139831757,0.115769327941726,0.123601476517901,0.497721016407013,0,0.176426598504649,0.542976948163277
1,0.597114694359525,0.770790306686567,0.654949059961815,0.575558954531325,0.500705927610397,1,0.75966414440351,0.63287842077795
0,0.132970983878158,0.185089386976311,0.116134678698154,0.123305064389034,0.497610688209534,0,0.176426598504649,0.540599520077569
1,0.734563441033578,0.855423433269474,0.693429333133853,0.71363788484169,0.499871373176575,0.306110764531135,0.446004969163823,0.653875300813595
0,0.163732845446645,0.21518778629879,0.140415289861405,0.153293064526033,0.498362898826599,0,0.157841445202657,0.549868591612657
0,0.135904903344876,0.162432149193617,0.127050666534355,0.131487573144664,0.497610688209534,0,0.176426598504649,0.540858608753409
0,0.569596210939812,0.75977833607364,0.573656108354399,0.532673712806298,0.500121265649796,0.306110764531135,0.357495473788246,0.621427704760798
0,0.210586984524025,0.210286177415605,0.147027320743198,0.189683033617827,0.497610688209534,0,0.176426598504649,0.553432034086146
1,0.772327172159358,0.821383846453715,0.872291852485016,0.839717592620065,0.501729220151901,1,0.75966414440351,0.674254152738218
1,0.502580496928259,0.747521979920111,0.649757318547018,0.482900071802663,0.50101563334465,1,0.696784602692021,0.635776629714309
0,0.150761066937343,0.171152936463671,0.11934782972032,0.13811160389572,0.497610688209534,0,0.176426598504649,0.541650349202884
1,0.668165441930015,0.812883481193521,0.701290327174503,0.745512297998327,0.5000079870224,1,0.75966414440351,0.66761816280794
0,0.13592597553234,0.182188698671953,0.106767949488047,0.115524399278104,0.497721016407013,0,0.176426598504649,0.542932644680809
1,0.38143419119943,0.271907576921725,0.325945114206392,0.416789553714088,0.497955799102783,0.306110764531135,0.525701174736548,0.591283181828603
1,0.689091902041018,0.786218773226766,0.74914087111346,0.757158868311612,0.500668525695801,1,0.75966414440351,0.659105200339319
0,0.37702063073643,0.679371099310877,0.377240433867861,0.350820142422509,0.499719440937042,0.306110764531135,0.142426576157383,0.608138646325213
0,0.65517968626757,0.824207609153827,0.618650112367339,0.612575511873551,0.499358236789703,1,0.677997225132182,0.656696605404896
0,0.506971244166363,0.343809264978812,0.533577299062957,0.575651787666892,0.498335719108582,0.306110764531135,0.380954521030003,0.60819865680584
0,0.650271496322679,0.818823817050699,0.666110590290246,0.76192500527873,0.500099509954453,0.306110764531135,0.677997225132182,0.663977245305875
0,0.272854604824126,0.280809183766372,0.458914438210433,0.411922593260848,0.497901082038879,1,0.522380655504327,0.610158814043874
1,0.284305351299974,0.260508755607473,0.387454316183897,0.317340545688144,0.498183488845825,0.306110764531135,0.319912954043312,0.587713138796709
0,0.225237391411882,0.254249259372274,0.330979126160148,0.359039553300336,0.497790694236755,0.306110764531135,0.319912954043312,0.598629549244794
0,0.70858325500799,0.777442435253865,0.708447324417865,0.795284626031579,0.500578850507736,1,0.75966414440351,0.66180681450845
1,0.495317695040294,0.757185814313451,0.789434800061894,0.629379147362435,0.501326739788055,0.693889235468865,0.677997225132182,0.649684983391301
1,0.734952786614386,0.794167551320971,0.736747861079259,0.782298341928149,0.500578850507736,1,0.75966414440351,0.655448373407721
0,0.442610721716351,0.690563472127405,0.311482763523689,0.38569054914154,0.499941229820251,0.306110764531135,0.150642322364192,0.597352985575957
0,0.171624131530941,0.183604211899537,0.123645762484235,0.138938408731962,0.497610688209534,0,0.176426598504649,0.542285761813552
0,0.170516375062287,0.182127152997406,0.147455137873208,0.143221984420199,0.497610688209534,0,0.176426598504649,0.541511877275346
0,0.168557191878771,0.210003598482924,0.164813437911073,0.140630144199449,0.498006939888,0,0.176426598504649,0.550339129712944
1,0.585503367190954,0.76841381703765,0.590098940866753,0.636506552937519,0.500353574752808,0.693889235468865,0.75966414440351,0.63962882352259
0,0.171374480000495,0.200463471688464,0.149556792893143,0.160558040627166,0.497938394546509,0.306110764531135,0.202951100876261,0.553030034201261
0,0.185716917113981,0.19093830171103,0.147186131300158,0.149816828858224,0.497610688209534,0,0.176426598504649,0.542352464404348
1,0.548175313433959,0.750887263708007,0.551705958994456,0.584998545167092,0.5000079870224,1,0.75966414440351,0.638707999142549
1,0.531530055438747,0.750395563256259,0.520386072588777,0.573713543465705,0.499692022800446,1,0.677997225132182,0.640649152954809
0,0.164939062085731,0.192669393618935,0.142653768640981,0.171626644532343,0.497938394546509,0.306110764531135,0.202951100876261,0.553776230058185
0,0.8271572939302,0.884427365553047,0.746310954569524,0.684292655660713,0.500728785991669,0.306110764531135,0.75966414440351,0.653875300813595
0,0.119643868685388,0.155162562902176,0.0985047513026396,0.118982041668268,0.497721016407013,0,0.176426598504649,0.54201788429879
0,0.176752411622405,0.186075131032788,0.185477939496693,0.150761906826649,0.49770325422287,0,0.176426598504649,0.540559220225847
0,0.162364760528775,0.211193610397774,0.211794169592697,0.158785372783961,0.497790694236755,0,0.199045529808762,0.551723390792317
0,0.176280434916063,0.217450516315011,0.185466910409753,0.161316027023181,0.497610688209534,0,0.176426598504649,0.552690643374058
0,0.132980823510495,0.163863232304661,0.104158389895066,0.11715645291163,0.497721016407013,0,0.176426598504649,0.541350240659618
1,0.663985800245296,0.818958155521442,0.772819085773714,0.694010841107979,0.500484585762024,1,0.75966414440351,0.658709228332024
0,0.129595129273278,0.189152195643755,0.158859140099567,0.13450361015168,0.498003482818604,0,0.176426598504649,0.547046271323584
1,0.485598916748381,0.735465277169045,0.643465328399696,0.468953657586897,0.501186162233353,1,0.696784602692021,0.618514452579269
0,0.479279701709538,0.710826738339351,0.37151458086881,0.434672109728264,0.499941229820251,0.306110764531135,0.357495473788246,0.606607651386019
1,0.747525310159106,0.846696732155488,0.826265328122503,0.797916043641802,0.501312971115112,1,0.75966414440351,0.666509185461419
1,0.581223090229301,0.761235572775149,0.740960292175162,0.653911183031679,0.500484585762024,0.693889235468865,0.75966414440351,0.655841597941484
1,0.17477330868188,0.188132120249908,0.270088007434539,0.160230780871108,0.498575150966644,0,0.176426598504649,0.543787352756585
1,0.172437161818275,0.187255543415587,0.140752912655052,0.135981471961611,0.497610688209534,0,0.176426598504649,0.54442019310208
1,0.460544122142412,0.320962589053537,0.440658336408462,0.534827462037444,0.49908846616745,0.306110764531135,0.199045529808762,0.604255006248633
0,0.205999977074284,0.205763361916965,0.177936854695818,0.169841906150643,0.497610688209534,0,0.176426598504649,0.552505330369451
1,0.886511018129751,0.924640787799899,0.721789513518931,0.713007031656411,0.500851601362228,1,0.75966414440351,0.671285986966453
0,0.245333943608158,0.228051712381079,0.168593819230033,0.215472641899112,0.49770325422287,0,0.176426598504649,0.555327329015072
0,0.174806650344756,0.190708149396549,0.141332483030015,0.147936021037765,0.497763097286224,0,0.176426598504649,0.547947821184854
0,0.150177552065682,0.196207293796544,0.183518453418675,0.130901475184916,0.49770325422287,0,0.176426598504649,0.539753098719088
1,0.15242712368586,0.174309310972394,0.123750029596838,0.12978857531555,0.497610688209534,0,0.176426598504649,0.542415086225359
0,0.1799378159075,0.19231501022913,0.120294945055862,0.140776979018696,0.497610688209534,0,0.176426598504649,0.545949248997947
1,0.623440033539398,0.789186629743108,0.698365676925702,0.606162008511473,0.500932902097702,1,0.75966414440351,0.6468603825514
0,0.251680358418745,0.232172326437454,0.264288216225229,0.257546074323988,0.497790694236755,0.306110764531135,0.319912954043312,0.572141542146027
0,0.29737385556484,0.231455935585536,0.173882805095718,0.251964587430301,0.497955799102783,0.306110764531135,0.202951100876261,0.568879782116622
1,0.168435787404593,0.186200879926099,0.131316775855392,0.137389138599298,0.497721016407013,0,0.176426598504649,0.544136373187009
0,0.159631060021094,0.178351462282287,0.119586890914615,0.133067194702596,0.497721016407013,0,0.176426598504649,0.541147997606526
1,0.421460015673008,0.357302259793759,0.362830535187043,0.480053192773338,0.497790694236755,0,0.65085006751936,0.596878382687981
1,0.483089456501937,0.329744749013561,0.486772263079713,0.570516577466684,0.498243153095245,0.306110764531135,0.380954521030003,0.608846078266745
0,0.176492796935058,0.187605046176913,0.193484754988565,0.157665405208684,0.49770325422287,0,0.176426598504649,0.543338036469692
0,0.341187202337648,0.268519112033041,0.365939882787813,0.280322910702397,0.498590409755707,0.306110764531135,0.202951100876261,0.567121364844726
0,0.342967888380742,0.288252476451119,0.359966942552026,0.414531194724479,0.498487830162048,0.306110764531135,0.319912954043312,0.592587978890968
1,0.30068330908218,0.305388476315565,0.521196586128354,0.461122178024162,0.497943103313446,1,0.522380655504327,0.614573024158054
0,0.23610509483831,0.255036940426642,0.169278093074763,0.192629067485401,0.498006939888,0,0.157841445202657,0.557144568865164
1,0.462292303274317,0.324678314465131,0.565263218124411,0.550827115242818,0.498635947704315,0.306110764531135,0.800162601594983,0.629328519319022
0,0.2963630951052,0.319235143798868,0.314668226995204,0.471017651307842,0.497901082038879,0,0.65085006751936,0.603178990551024
1,0.603946480358815,0.773534914733723,0.714926433319496,0.57893432500553,0.501750767230988,1,0.75966414440351,0.63287842077795
0,0.638282317174876,0.817138516987383,0.692807925398274,0.684145034377327,0.499844431877136,1,0.446004969163823,0.652496479842857
1,0.493571625233751,0.71759345614055,0.412703880976632,0.430960606234908,0.500056266784668,0.306110764531135,0.504565711671957,0.601802785388564
0,0.304250127369656,0.274289137374695,0.308573840672815,0.234986239714931,0.499297857284546,0,0.176426598504649,0.556948443155932
0,0.120534113864678,0.177628810037052,0.117614693827068,0.115308861959711,0.497721016407013,0,0.176426598504649,0.539494504572515
0,0.175435937327427,0.185765251824298,0.123645762484235,0.140308693947471,0.497610688209534,0,0.176426598504649,0.542894977319348
0,0.105782087161043,0.166436725605482,0.141271900134462,0.125240691030428,0.49770325422287,0,0.176426598504649,0.540627280474473
0,0.226188086963475,0.231532853668961,0.196901553780085,0.222024368152759,0.497938394546509,0.306110764531135,0.202951100876261,0.559696650234645
1,0.540969701889371,0.748127532366121,0.447468697774047,0.524744294950728,0.499710738658905,0.306110764531135,0.357495473788246,0.617470059123761
1,0.119619983336345,0.180901578329219,0.186322514424433,0.134599986164747,0.498003482818604,0,0.176426598504649,0.548061242262805
1,0.658923639080462,0.771364572575616,0.691336144095346,0.750724455142545,0.50010558962822,1,0.75966414440351,0.657147236725204
1,0.66655017578248,0.756953496319352,0.467512168490208,0.639502805910609,0.499936044216156,0.306110764531135,0.89417021520921,0.62871671103009
1,0.73520076194651,0.893461616820892,0.707007319398464,0.745675647199548,0.50062957406044,1,0.75966414440351,0.66326509254639
0,0.251243959221986,0.21011271221777,0.174662748780654,0.204402600498549,0.497955799102783,0.306110764531135,0.202951100876261,0.562980691992321
0,0.290322245479893,0.228910223552392,0.205101852442794,0.236617898237208,0.497955799102783,0.306110764531135,0.202951100876261,0.566319379337958
0,0.221639786320699,0.222545810586035,0.214913500808519,0.206360354128591,0.497883260250092,0,0.199045529808762,0.555425729201926
0,0.129907519068324,0.183971299169328,0.112935783781537,0.11740043034616,0.497610688209534,0,0.176426598504649,0.540450160875361
0,0.204547529080228,0.244501968135115,0.344009137380701,0.224622099002058,0.498076617717743,0.306110764531135,0.319912954043312,0.57946318314745
1,0.543573025954689,0.753505996642222,0.494853719723007,0.494866050324044,0.500183284282684,0.306110764531135,0.619739176127957,0.636294333087348
0,0.110290191504289,0.182965659186345,0.148385531780352,0.0985062422619402,0.498926997184753,0,0.176426598504649,0.54152802635942
0,0.235689494118161,0.22800860149281,0.226883091609748,0.276743400130519,0.497790694236755,0.306110764531135,0.199045529808762,0.569392151965076
0,0.302728391023634,0.264154521427906,0.378629302960542,0.391619136340096,0.497790694236755,0.306110764531135,0.319912954043312,0.589100935363607
0,0.485963040720742,0.351668421972073,0.522060610829354,0.580944604558262,0.498639404773712,0.306110764531135,0.380954521030003,0.617252048921251
0,0.329045576322773,0.289747284792716,0.348750399624974,0.364475063857077,0.498113930225372,0.306110764531135,0.525701174736548,0.588129038303296
0,0.166935338589919,0.218365368098344,0.219075005198523,0.15827075896934,0.497883260250092,0,0.199045529808762,0.552848419167744
1,0.329286588208768,0.245241423757182,0.226822283026357,0.279811906898279,0.497955799102783,0.306110764531135,0.202951100876261,0.568024861292585
1,0.612191038409524,0.786992696575508,0.652639433991809,0.678996541520329,0.500225454568863,0.693889235468865,0.75966414440351,0.645928041233606
0,0.174927844025845,0.18743049834331,0.126187254905094,0.138746576394638,0.497610688209534,0,0.176426598504649,0.542894977319348
1,0.813023948096007,0.878291920960589,0.847450674066245,0.759443695812051,0.501213163137436,1,0.75966414440351,0.668641881687882
1,0.291807427342824,0.266258062190524,0.346289239298976,0.406931675409008,0.497901082038879,0.306110764531135,0.319912954043312,0.596358751540652
0,0.232413612370694,0.22698036189015,0.195040033413535,0.220070534059851,0.497721016407013,0,0.176426598504649,0.562350669454341
0,0.188790777436802,0.203244604238086,0.243429368557904,0.165586399405758,0.498307764530182,0,0.176426598504649,0.541013877940509
1,0.58388777171074,0.770137192590711,0.576664527095313,0.652546374714525,0.5000079870224,0.693889235468865,0.75966414440351,0.639871407799241
0,0.219069794397576,0.217625925232446,0.196450450017579,0.177925629651751,0.497763097286224,0,0.176426598504649,0.558126031966391
1,0.741114023580784,0.842189180446074,0.642543322746706,0.672941541521024,0.500238537788391,0.693889235468865,0.75966414440351,0.656350658954848
1,0.728879718411581,0.82678137579983,0.882834281956282,0.785525684314009,0.501650005578995,1,0.75966414440351,0.661373207057761
0,0.160187626876438,0.17896471651351,0.159369022096309,0.138235274335131,0.49770325422287,0,0.176426598504649,0.54191343920697
1,0.684717388288388,0.82390894567006,0.764701724399712,0.7762836364873,0.500480532646179,1,0.75966414440351,0.668775611909764
1,0.748335134491704,0.851515499936984,0.812521871772303,0.767339272547876,0.500811338424683,1,0.75966414440351,0.667447775510432
0,0.743847496619298,0.852671411029509,0.709828994272327,0.778181617106983,0.500480532646179,1,0.446004969163823,0.666989537620168
0,0.682758723332475,0.814644599904518,0.780994410453053,0.768011600805261,0.500484585762024,1,0.75966414440351,0.665573285060288
0,0.159263891452162,0.184600872327608,0.17188201248104,0.142775437741297,0.498006939888,0,0.176426598504649,0.548291239840979
0,0.280234398120601,0.257683570514146,0.305696767917293,0.241877433514993,0.498245239257812,0,0.176426598504649,0.564940558840215
1,0.56893387540188,0.76661797554754,0.614442723800536,0.690188487905096,0.499358236789703,0.693889235468865,0.677997225132182,0.660557346601511
0,0.146633274562301,0.198540100314627,0.148929628921711,0.129190935626719,0.497610688209534,0,0.176426598504649,0.546205102325868
1,0.309290253505798,0.266848032549441,0.411293047661851,0.348283101275597,0.498755156993866,0.306110764531135,0.319912954043312,0.584264127624433
1,0.271645447142857,0.296160017659744,0.386556611080768,0.457230330031092,0.497901082038879,0.306110764531135,0.522380655504327,0.606497003287057
0,0.275550176424107,0.256440743619583,0.357893500883747,0.372570588012738,0.497901082038879,0.306110764531135,0.319912954043312,0.59443585704415
0,0.20446207403474,0.203140223151328,0.166334336931617,0.161603750048112,0.497610688209534,0,0.176426598504649,0.549606420776955
1,0.241992856406661,0.266872985134555,0.549088148952016,0.233370066140465,0.499827861785889,0.306110764531135,0.319912954043312,0.567566579882859
1,0.420360700373823,0.303167303494712,0.467423184087208,0.529987876689586,0.498353481292725,0.306110764531135,0.380954521030003,0.613635085116579
1,0.554705785016211,0.755648555514054,0.524685003631456,0.511731457266117,0.500292122364044,0.306110764531135,0.619739176127957,0.631461539655188
1,0.433289494779251,0.710162513778998,0.530260728718723,0.432109829323795,0.500187337398529,1,0.696784602692021,0.617010172087239
0,0.257169362319183,0.239242975009713,0.18648293699014,0.204935313634386,0.498307764530182,0,0.176426598504649,0.552929011885813
1,0.69992899792189,0.82996217942267,0.77233009167043,0.782013856753316,0.500589460134506,1,0.75966414440351,0.669693956837209
0,0.147961323251951,0.171501915765278,0.0985053712322952,0.124840283123306,0.497610688209534,0,0.176426598504649,0.541166921786526
0,0.255910619175814,0.245419713798384,0.262575791141885,0.208289359772717,0.498003482818604,0,0.176426598504649,0.559503953339457
1,0.839914242167251,0.853356888678,0.867467607580858,0.860147508570177,0.502124309539795,1,0.75966414440351,0.676607159137717
0,0.270190281632144,0.247688954800798,0.243566942792665,0.235000055267043,0.498487830162048,0.306110764531135,0.199045529808762,0.558240372822891
0,0.20411879355511,0.208979942332781,0.154423298741329,0.190490979431243,0.497828006744385,0.306110764531135,0.202951100876261,0.55331940955634
1,0.315575257053304,0.27810433216908,0.431792872977852,0.426996805625359,0.497790694236755,0.306110764531135,0.522380655504327,0.606703005963815
0,0.242493008094953,0.205434036138209,0.168054828504408,0.196426486023445,0.497955799102783,0.306110764531135,0.202951100876261,0.563894797523024
0,0.327851056744892,0.288649954577654,0.306419286425727,0.472014730062298,0.498115360736847,0,0.199045529808762,0.575737521689711
0,0.346594776989557,0.292710667441822,0.356908905144773,0.38299796503768,0.498487830162048,0.306110764531135,0.319912954043312,0.592249552366197
1,0.205182514437699,0.253689699535876,0.391095164388814,0.355114819068679,0.497901082038879,0.306110764531135,0.319912954043312,0.599265167047273
0,0.892719797953347,0.925762023468292,0.654994007762514,0.668671969880194,0.50055918097496,0.693889235468865,0.75966414440351,0.664654218955978
0,0.119817111310986,0.154024110514332,0.10176296325462,0.115000075220589,0.497721016407013,0,0.176426598504649,0.541504568496759
0,0.215082716308104,0.210218497122905,0.179235091258267,0.175867748105302,0.497610688209534,0,0.176426598504649,0.552921269117204
0,0.217300229601461,0.211714904588802,0.179235091258267,0.177689629304627,0.497610688209534,0,0.176426598504649,0.552902138743397
1,0.581790765842085,0.768111966689211,0.609203164522149,0.58669786721468,0.500418543815613,1,0.75966414440351,0.63861852556998
0,0.461165910448547,0.713109234312798,0.396873611776419,0.418834368854341,0.499547123908997,0.306110764531135,0.619739176127957,0.618050832496791
1,0.695399839906694,0.816139845999655,0.755694349976476,0.762933790039325,0.501750767230988,0.693889235468865,0.75966414440351,0.663967605230941
0,0.403467169611279,0.666908561919114,0.271613948543069,0.335712196580709,0.500118464231491,0.306110764531135,0.150642322364192,0.596189844686498
0,0.218109822178468,0.210932727672737,0.194483600218012,0.17623034584085,0.497610688209534,0,0.176426598504649,0.552505330369451
0,0.18795894282464,0.197369603314023,0.135443363791199,0.148713768155469,0.497610688209534,0,0.176426598504649,0.547684751800058
0,0.152878768392125,0.183297134457556,0.116357568126302,0.122980674641156,0.497721016407013,0,0.176426598504649,0.545204436407747
0,0.889067541665643,0.910677997189958,0.535872402923745,0.591359272770357,0.500506907701492,0.693889235468865,0.75966414440351,0.653361886359425
1,0.183681377956007,0.200970808633556,0.179137164013412,0.15874756496776,0.497721016407013,0,0.176426598504649,0.552505330369451
1,0.491792876728462,0.426179460846634,0.465592790632287,0.51063724264782,0.498076617717743,1,0.522380655504327,0.614308581803686
1,0.965488395131998,0.929284675981877,0.641951614776826,0.633705868663648,0.501127660274506,1,0.75966414440351,0.668139254117936
1,0.500418640511531,0.410957920089252,0.31947785236998,0.500072664375776,0.497790694236755,0,0.522380655504327,0.604759876311599
1,0.280108984025818,0.296833632331233,0.420482813045371,0.456839764202793,0.497790694236755,0.306110764531135,0.522380655504327,0.612434194537438
0,0.19044939276559,0.225590794282309,0.230550615169643,0.162874387105123,0.498307764530182,0,0.176426598504649,0.54808181582007
0,0.285608862306414,0.253937249030099,0.383019893969625,0.349365395402878,0.497790694236755,0.306110764531135,0.319912954043312,0.587598954707377
0,0.200452364799894,0.187380794198915,0.13794338682123,0.167557831781651,0.497955799102783,0.306110764531135,0.202951100876261,0.563275265535594
1,0.616310184343096,0.80133984846099,0.739372685716156,0.70037825783182,0.500353574752808,1,0.75966414440351,0.66113400860036
0,0.125435760879248,0.158783587138811,0.104158389895066,0.114874690780355,0.497721016407013,0,0.176426598504649,0.541136221724136
0,0.589335018761179,0.782543323662915,0.614782359279161,0.710808602269914,0.499358236789703,1,0.677997225132182,0.661837250859546
1,0.236369709021608,0.223412351029614,0.181017107029018,0.20877791170743,0.497610688209534,0,0.176426598504649,0.556700048440677
0,0.383541012285371,0.322067381745275,0.440566060757193,0.473829615508696,0.497790694236755,0.306110764531135,0.183468435370571,0.601988589903657
0,0.147013808953686,0.185108480478366,0.134351905840954,0.12120793753276,0.497721016407013,0,0.176426598504649,0.542894977319348
0,0.311311236050776,0.237352427897206,0.211057722409642,0.268555498142947,0.497955799102783,0.306110764531135,0.202951100876261,0.569883039143312
0,0.272808744621009,0.253373433070732,0.362259386959404,0.359505647684713,0.497901082038879,0.306110764531135,0.319912954043312,0.59021950030089
0,0.177270205358579,0.19834771787965,0.153638099242473,0.145313163028291,0.497721016407013,0,0.176426598504649,0.548085661334004
0,0.134675273832334,0.185598373664953,0.137418588385535,0.126379941374341,0.497610688209534,0,0.176426598504649,0.540196427293911
0,0.26574113626807,0.253834384530441,0.262575791141885,0.227539756266442,0.498003482818604,0,0.176426598504649,0.561290358414615
0,0.643780687746322,0.751288568554859,0.440789176252083,0.623556098740593,0.499286293983459,0.306110764531135,0.142426576157383,0.621736586725773
0,0.148645416899135,0.169942383558216,0.1054600568954,0.130500288367288,0.497610688209534,0,0.176426598504649,0.541013877940509
0,0.613509627989084,0.785889722994438,0.698385413737322,0.639604347386437,0.500811338424683,1,0.75966414440351,0.647126693070443
1,0.242935638049656,0.232388748362629,0.261857760496939,0.295951059294238,0.497790694236755,0.306110764531135,0.199045529808762,0.574956584777887
1,0.640121220130464,0.795165334649018,0.683728718821262,0.699099868283766,0.500549554824829,0.693889235468865,0.75966414440351,0.646780794214474
0,0.509447074510815,0.735104504399734,0.385341838262259,0.514241591142658,0.499060928821564,0.306110764531135,0.142426576157383,0.625055014842179
1,0.327423661775262,0.247639759031724,0.250286824078127,0.295762165363249,0.497955799102783,0.306110764531135,0.202951100876261,0.573761688915399
0,0.254131325451714,0.237455914214006,0.261792386239678,0.311166157576912,0.497790694236755,0.306110764531135,0.199045529808762,0.570512185852039
0,0.235196344639608,0.22772108107807,0.183048888183499,0.221302689751226,0.497610688209534,0,0.176426598504649,0.562350669454341
1,0.228735995954792,0.221088964577008,0.239893742519239,0.223369500926078,0.497790694236755,0.306110764531135,0.319912954043312,0.569012730458441
0,0.215987850899781,0.213248608806804,0.176993405492411,0.165221921500887,0.498307764530182,0,0.176426598504649,0.543170877921082
0,0.179904353443295,0.217106197356114,0.215389332719177,0.158143813469709,0.49770325422287,0,0.176426598504649,0.54808181582007
1,0.726744496092992,0.837539630154631,0.852789195310219,0.799776996743534,0.501312971115112,1,0.75966414440351,0.668454760561222
1,0.673670792842289,0.816553945781813,0.728129215408438,0.759298653833647,0.500073075294495,1,0.75966414440351,0.668629377433701
0,0.167858526978722,0.181299716662866,0.117166834755876,0.137579351939132,0.497610688209534,0,0.176426598504649,0.541973470805222
1,0.370692027639773,0.371910553564848,0.501234980860295,0.477919911072269,0.498542904853821,1,0.522380655504327,0.613170519112306
0,0.278743600937691,0.255740420179364,0.348939184921372,0.381453460296527,0.497790694236755,0.306110764531135,0.319912954043312,0.591189415091752
0,0.451477587015071,0.728528372691037,0.515357390747816,0.46039554273328,0.499692022800446,1,0.677997225132182,0.632183058898371
1,0.682322224425318,0.821812404563442,0.698864773160558,0.764713291487862,0.500711023807526,1,0.75966414440351,0.659976649476866
0,0.157289587283722,0.187157401542139,0.206606414097326,0.135235710693432,0.498307764530182,0,0.176426598504649,0.546591599307324
0,0.0966998310299177,0.159216030970825,0.104749081838776,0.111471227850299,0.497610688209534,0,0.176426598504649,0.541312385589721
1,0.572427304724693,0.756042457220069,0.633624409094379,0.561021473959088,0.501577854156494,1,0.75966414440351,0.642941519414837
0,0.515387591450062,0.732293223424992,0.404591935437656,0.468625569838149,0.499941229820251,0.306110764531135,0.357495473788246,0.611324904959679
0,0.256663476320388,0.236246241867375,0.232575967748795,0.222572011454755,0.497610688209534,0,0.176426598504649,0.563599200643437
0,0.220003967568033,0.216595911757912,0.216243333778175,0.212074011646861,0.497790694236755,0,0.199045529808762,0.557394112277843
0,0.368723957309747,0.27312344570232,0.376709146126087,0.302002772267539,0.498948276042938,0.306110764531135,0.796519599121717,0.570306193235506
0,0.153577990176161,0.17401710843905,0.104327107335446,0.129173386150548,0.497610688209534,0,0.176426598504649,0.541186805908485
1,0.0947607642195554,0.158777176184663,0.108568353468944,0.118867914711298,0.497610688209534,0,0.176426598504649,0.540949038370298
1,0.459982156370652,0.699485657757708,0.388268111191105,0.379196525259673,0.50029844045639,0.306110764531135,0.504565711671957,0.605577245848526
0,0.43301565144049,0.300911055882268,0.428777296421895,0.533725424308766,0.498243153095245,0.306110764531135,0.800162601594983,0.614211796357556
0,0.163558616171402,0.19078419502581,0.163689965969128,0.152421825019182,0.498003482818604,0,0.176426598504649,0.547385671647937
0,0.107869653871078,0.169152894203652,0.0970799985202369,0.109460017460743,0.497610688209534,0,0.176426598504649,0.542892300572722
1,0.378108740927881,0.31254801905951,0.446625903238168,0.457052001584952,0.498487830162048,0.306110764531135,0.522380655504327,0.601375867123342
0,0.13929488728858,0.166524922308237,0.124014688013154,0.126101907445685,0.497721016407013,0,0.176426598504649,0.541270483669252
0,0.201065355681325,0.22018916298869,0.178241682377236,0.171115474015699,0.498003482818604,0,0.745767323256788,0.551930541395916
1,0.640221070296992,0.794209678465683,0.71051445122865,0.734125252055906,0.500353574752808,1,0.75966414440351,0.657192511383727
0,0.128235790212578,0.181756970646934,0.116134678698154,0.119589059002158,0.497610688209534,0,0.176426598504649,0.53989768859315
0,0.254523317043064,0.2344605094744,0.235436890429161,0.224280198043017,0.497828006744385,0.306110764531135,0.202951100876261,0.556516679531003
0,0.267106239667778,0.220274132831974,0.346816550683971,0.213504832900684,0.498801112174988,0.306110764531135,0.796519599121717,0.562068443854514
1,0.735892339265924,0.843710710155787,0.760368438108528,0.749808151182552,0.500418543815613,1,0.75966414440351,0.664209196708107
0,0.591420525001175,0.694529322428923,0.486471745868605,0.540604497013387,0.498135447502136,0.306110764531135,0.183468435370571,0.590119953886401
1,0.121826109611017,0.181476726640287,0.137629575721402,0.120249969960111,0.497721016407013,0,0.176426598504649,0.546576746805088
1,0.308335978970744,0.270223699476029,0.410862057982013,0.354973382274555,0.498184859752655,0.306110764531135,0.319912954043312,0.590532019925169
0,0.702079188232847,0.788862595258397,0.731824417632547,0.803388422662247,0.50045108795166,0.693889235468865,0.75966414440351,0.661434277873492
1,0.353188863646163,0.258047622817763,0.294239186790669,0.355904991091607,0.497955799102783,0.306110764531135,0.202951100876261,0.58180986243693
1,0.294628401779787,0.318258150149983,0.320700851829213,0.469796502536475,0.497790694236755,0,0.65085006751936,0.600428993966525
1,0.745966418207602,0.849921555434937,0.796259772351046,0.757867376684946,0.500570952892303,1,0.75966414440351,0.66323448582813
0,0.0983868440997013,0.162216902351541,0.128787889782905,0.123291592717062,0.49770325422287,0,0.176426598504649,0.540475985509345
1,0.231229447111918,0.202000927734652,0.178389510977722,0.187463272131787,0.497955799102783,0.306110764531135,0.202951100876261,0.565775630029388
0,0.453913714724114,0.722307899344506,0.437072973044087,0.442687971721416,0.499680638313293,0.306110764531135,0.619739176127957,0.632248322384445
0,0.250793525207646,0.209723101616074,0.230931266704742,0.2024199014324,0.498048365116119,0.306110764531135,0.202951100876261,0.563116384864596
0,0.197190225461026,0.199530031579576,0.164213244173141,0.153030467369511,0.49770325422287,0,0.176426598504649,0.542550183370725
0,0.481770038467398,0.713542005963758,0.372895338978099,0.45045324562697,0.499710738658905,0.306110764531135,0.357495473788246,0.616545853150935
0,0.223111357589831,0.219910959215642,0.190732341810488,0.2035905851401,0.497721016407013,0,0.176426598504649,0.557822169498336
0,0.179543527660185,0.216494413876378,0.208948066842493,0.158554301761216,0.49770325422287,0,0.176426598504649,0.548808711171451
0,0.134936633984299,0.162608755191528,0.101262300446547,0.128076644815787,0.497610688209534,0,0.176426598504649,0.540934445090987
1,0.144068739627466,0.170675897199602,0.137869993247287,0.130553133641439,0.497721016407013,0,0.176426598504649,0.543338036469692
0,0.167794218246036,0.188157419937061,0.198765104192878,0.156095645640863,0.498003482818604,0,0.176426598504649,0.546167693806585
0,0.622946544215855,0.788758691285946,0.640985714559631,0.727724485963959,0.500238537788391,1,0.75966414440351,0.660228576302306
0,0.178657100004512,0.189743747853756,0.127166330285499,0.142502999070259,0.497610688209534,0,0.176426598504649,0.542852819983347
0,0.326442850416894,0.281018019272359,0.356592165663859,0.465012681750621,0.498225748538971,0.306110764531135,0.199045529808762,0.587738812449749
1,0.658376389188574,0.751889328430973,0.497937935132412,0.568500514502216,0.500166594982147,0.306110764531135,0.89417021520921,0.617911815782544
1,0.721104311251272,0.79920737753901,0.771909874841862,0.772596243405148,0.499908268451691,0.693889235468865,0.677997225132182,0.671247539240709
1,0.350883713286261,0.293692460443958,0.453749584196118,0.452160149892944,0.498755156993866,0.306110764531135,0.522380655504327,0.60074648365691
0,0.200973786717634,0.235253593145111,0.304952379234178,0.206549664448272,0.497943103313446,0.306110764531135,0.319912954043312,0.574718245759023
1,0.14108149044105,0.19764635571628,0.123622036247506,0.132877428047247,0.497610688209534,0,0.176426598504649,0.546557182152111
1,0.423582088592427,0.677896250356563,0.559845656589428,0.352908705692697,0.501457720994949,1,0.696784602692021,0.615758821692698
1,0.587419135659283,0.772829367970842,0.63490358427018,0.582671118948203,0.500589460134506,1,0.75966414440351,0.642333485863877
0,0.130621866848501,0.16045876351962,0.0985053712322952,0.119432087861711,0.497610688209534,0,0.176426598504649,0.541472570773375
1,0.854279052123655,0.859308530536022,0.843415136314895,0.833314957508055,0.501856923103333,0.693889235468865,0.75966414440351,0.662668588720248
0,0.166715583997256,0.210003572449957,0.156423694369927,0.159968014373681,0.497610688209534,0,0.176426598504649,0.549981633357345
1,0.581496263858278,0.768496020806284,0.587034980893552,0.612709608813405,0.500238537788391,1,0.75966414440351,0.640326024350261
0,0.0915330030564257,0.157726559282678,0.0969217328455615,0.102951094472215,0.497721016407013,0,0.176426598504649,0.541774675349549
0,0.720244603677293,0.788386511450842,0.627056237674533,0.818370212112954,0.499355435371399,0.693889235468865,0.446004969163823,0.664299237065193
0,0.238802419121504,0.225902299006013,0.194702504893892,0.1945240785367,0.498307764530182,0,0.176426598504649,0.551493671193674
0,0.150729477143749,0.181413395552103,0.123664990151168,0.121836242135783,0.497610688209534,0,0.176426598504649,0.544405513217158
1,0.529568767961038,0.737970444282831,0.426784740314947,0.500451774487512,0.500056266784668,0.306110764531135,0.357495473788246,0.612427776527665
0,0.235492148546661,0.226560164021655,0.234190027319855,0.252436192841648,0.497790694236755,0.306110764531135,0.319912954043312,0.572329505324447
0,0.130891105409867,0.164678357166648,0.118016058346289,0.117153507507153,0.497721016407013,0,0.176426598504649,0.540721641112682
0,0.370948286347483,0.361932567471081,0.505910475643816,0.496111335665305,0.498183488845825,1,0.522380655504327,0.610587819923752
0,0.710714999442565,0.812515378473942,0.649909676455032,0.635626238630431,0.50079682469368,1,0.75966414440351,0.634372018614485
1,0.518941876960407,0.728977222127904,0.631862628024727,0.449701895041395,0.501280605792999,1,0.696784602692021,0.600667876788272
1,0.217599413023875,0.210955052387763,0.194286706979279,0.173659811803004,0.497610688209534,0,0.176426598504649,0.55160068388334
0,0.136328940778554,0.16375698166043,0.111591548117557,0.126464302255704,0.497610688209534,0,0.176426598504649,0.541407426449305
0,0.26538358090861,0.219466441364625,0.25691867734908,0.213979160597713,0.498108208179474,0.306110764531135,0.202951100876261,0.566554296927086
0,0.540346284829358,0.742282911814363,0.529997696033771,0.49955143880968,0.500056266784668,0.306110764531135,0.357495473788246,0.61205356109264
0,0.37417088604416,0.272786653570777,0.378895470833962,0.458027236747428,0.498243153095245,0.306110764531135,0.199045529808762,0.601109336815166
1,0.328533260271166,0.259209894026052,0.616192791966897,0.262067047846371,0.499974608421326,0.306110764531135,0.796519599121717,0.563116384864596
1,0.789532220780362,0.856603971119048,0.821257256558246,0.840916962346781,0.500932902097702,0.306110764531135,0.75966414440351,0.66196873744131
0,0.171915805556646,0.18862368840486,0.119023830528724,0.13496228722763,0.497610688209534,0,0.176426598504649,0.545239297719441
1,0.211907674076081,0.212922282816597,0.187581771637512,0.187875746913928,0.497721016407013,0,0.176426598504649,0.554263045119235
1,0.459080395018263,0.700242093760329,0.321420362074995,0.404472719688694,0.499941229820251,0.306110764531135,0.150642322364192,0.597458887783519
0,0.167469344375185,0.208220287870098,0.183570734168832,0.145883145205254,0.497610688209534,0,0.176426598504649,0.547564857802453
1,0.779315087036102,0.861785089143879,0.71718143772699,0.687242570922724,0.500353574752808,1,0.75966414440351,0.659807262997839
1,0.872977895988819,0.903854349439067,0.81958543776985,0.69716170829819,0.501560688018799,1,0.75966414440351,0.668139254117936
0,0.221338512536965,0.240391635179293,0.315711912166276,0.33916465860555,0.497901082038879,0.306110764531135,0.199045529808762,0.580837096844221
0,0.226102971942793,0.220731728039962,0.234190027319855,0.232579760868867,0.497790694236755,0.306110764531135,0.319912954043312,0.569103687346241
1,0.159643433281756,0.207410495337067,0.202983801061998,0.160786948913762,0.497790694236755,0.306110764531135,0.199045529808762,0.55307510481267
0,0.424836336684312,0.682716865807844,0.297136161390443,0.359220808043015,0.499887943267822,0.306110764531135,0.150642322364192,0.600719246074563
0,0.169454279695295,0.192239357737534,0.127989261317099,0.171180123581978,0.497828006744385,0.306110764531135,0.202951100876261,0.552445293895534
1,0.361927284827814,0.623357924645971,0.462294903035319,0.438934907051084,0.498245775699615,0.306110764531135,0.89417021520921,0.581616900866875
0,0.255052826819079,0.211030657780884,0.166939324002899,0.206482901297148,0.497955799102783,0.306110764531135,0.202951100876261,0.563759159123702
0,0.474727746407753,0.710783182437906,0.39912841835831,0.430313643616311,0.499710738658905,0.306110764531135,0.357495473788246,0.605419745098767
0,0.218784171700436,0.215786517331322,0.156199230978357,0.189792811527269,0.497610688209534,0,0.176426598504649,0.551743049590886
0,0.180497123425967,0.219885898620552,0.257448764108464,0.200942705197408,0.497790694236755,0.306110764531135,0.199045529808762,0.566684188651663
0,0.215014102913321,0.2113075327372,0.174637710658485,0.173318591186892,0.497610688209534,0,0.176426598504649,0.552197919006605
0,0.138471815672974,0.175835247650047,0.110989633747419,0.113993683921246,0.497721016407013,0,0.176426598504649,0.542976948163277
0,0.181070923226806,0.202683329527172,0.189622785430685,0.189689427146461,0.49798047542572,0.306110764531135,0.202951100876261,0.555181137825971
1,0.253227050826231,0.284320915664046,0.478407112985855,0.411248046566276,0.498186945915222,1,0.522380655504327,0.605210747185242
0,0.653429454022013,0.806065384093757,0.745336266109251,0.746231129783069,0.500455915927887,1,0.75966414440351,0.659011790612144
0,0.221128031133622,0.224325445262249,0.205147100886373,0.175946932036054,0.497896552085876,0,0.176426598504649,0.553178455513159
0,0.335157404360841,0.359243653862526,0.40346672473032,0.453929200232498,0.499107003211975,0.306110764531135,0.522380655504327,0.605241754743015
0,0.179355711626452,0.188368031027187,0.133402912070966,0.142344017600392,0.497610688209534,0,0.176426598504649,0.542464569499224
0,0.240464932721952,0.205134429420675,0.183188445200768,0.194769323147072,0.497955799102783,0.306110764531135,0.202951100876261,0.562537260088561
0,0.157175009162916,0.177105730212781,0.104327107335446,0.128754386000041,0.497610688209534,0,0.176426598504649,0.542622162522512
0,0.155076323526673,0.20474282555435,0.13847279632814,0.133780887620335,0.497721016407013,0,0.176426598504649,0.549211930883479
1,0.470134890607737,0.362873868690333,0.457724705115146,0.534077639525617,0.498115360736847,0.306110764531135,0.894170215209209,0.610855585117774
1,0.260131355974648,0.243500374901567,0.260875855993004,0.233561594242848,0.498113930225372,0.306110764531135,0.202951100876261,0.566275709783862
0,0.143313116725143,0.169257635356881,0.0985053712322952,0.122490979054369,0.497610688209534,0,0.176426598504649,0.541368578343133
0,0.172391641539703,0.184728157463208,0.193057041534388,0.153995935950062,0.49770325422287,0,0.176426598504649,0.543338036469692
1,0.802991936800768,0.877773215399072,0.770100519301886,0.723732213775945,0.500711023807526,1,0.75966414440351,0.668641881687882
0,0.190368702999762,0.199358634484034,0.148720521750605,0.151488568063535,0.497721016407013,0,0.176426598504649,0.547688631985614
0,0.161756993938135,0.186464972058964,0.169850566943449,0.150605709378998,0.498003482818604,0,0.176426598504649,0.546709567208606
1,0.812706215200599,0.907035900889528,0.817717681425483,0.852300000741861,0.501922577619553,1,0.75966414440351,0.677064779806933
1,0.832288269959163,0.8546582798829,0.766123604283777,0.832659483306303,0.500463843345642,1,0.75966414440351,0.672391270431638
0,0.662978812776645,0.772800279944506,0.623500106704508,0.705323777752947,0.500218838453293,0.306110764531135,0.619739176127957,0.648812600069859
1,0.304288109886576,0.270917535241521,0.443729021856577,0.380074264788744,0.497943103313446,0.306110764531135,0.319912954043312,0.597177155844187
0,0.532209328447971,0.743194882809881,0.444214551430164,0.459981098576945,0.500514030456543,0.306110764531135,0.619739176127957,0.62780680797998
0,0.21097060787653,0.210741285821185,0.140081269073066,0.188077167090462,0.497610688209534,0,0.176426598504649,0.551148395684068
1,0.472707381082529,0.707996887404165,0.365826731538716,0.39753345998473,0.500121265649796,0.306110764531135,0.619739176127957,0.609090579609683
1,0.28553621105067,0.24220309087666,0.270433067495854,0.2418543120538,0.49835205078125,0.306110764531135,0.202951100876261,0.572604866580469
0,0.136546962626233,0.188342643299183,0.112077424120942,0.120911272061768,0.497610688209534,0,0.176426598504649,0.54344619850764
1,0.3268290016227,0.27191283642193,0.341964809380175,0.404670595465377,0.498066127300262,0.306110764531135,0.525701174736548,0.595341632187763
0,0.233700764887891,0.222789914309975,0.17454078395759,0.216369602075361,0.497610688209534,0,0.176426598504649,0.558153973725221
1,0.565458438484506,0.758229650300271,0.589240399414953,0.595547465805065,0.500238537788391,1,0.75966414440351,0.638344173865954
0,0.222383691792827,0.292900030765253,0.270485060080358,0.206246977119512,0.49915623664856,0,0.176426598504649,0.542857249887723
1,0.366732487927156,0.311255086916332,0.49796101844713,0.471269970426812,0.497790694236755,1,0.522380655504327,0.615802649815249
0,0.447626447507475,0.704375575253764,0.314089728465774,0.452484744554796,0.499060928821564,0.306110764531135,0.142426576157383,0.619364587460011
0,0.498435481776006,0.71807776467771,0.497753664120044,0.42835388140415,0.500408679246902,1,0.696784602692021,0.597352985575957
0,0.420188171491253,0.683064260258438,0.260139507327127,0.365419820591525,0.499060928821564,0.306110764531135,0.142426576157383,0.600719246074563
0,0.116686053430067,0.174673547406938,0.104495102575912,0.112049861510268,0.497610688209534,0,0.176426598504649,0.54012487425214
0,0.163574489559242,0.193182799938448,0.139855734923416,0.159552855387163,0.497938394546509,0.306110764531135,0.202951100876261,0.558350867635001
0,0.491202099325617,0.720713395212625,0.401252764677717,0.447418621637651,0.499710738658905,0.306110764531135,0.357495473788246,0.606841454599655
0,0.141003936814356,0.167248451618558,0.123056456661076,0.124208820436422,0.497721016407013,0,0.176426598504649,0.540759671854208
1,0.620384627759667,0.801866467348431,0.818847322308784,0.707870593023997,0.500549554824829,1,0.75966414440351,0.656337891991963
0,0.143178629373339,0.167372409625482,0.106273802372722,0.125905690303287,0.497610688209534,0,0.176426598504649,0.540991040770066
1,0.602849098675128,0.783776844585422,0.47884290293762,0.536571984724088,0.500635653734207,0.306110764531135,0.199045529808762,0.635372078068904
0,0.133073527208421,0.162393949437209,0.123056456661076,0.121931254628796,0.497721016407013,0,0.176426598504649,0.540721641112682
1,0.24998496652851,0.231047899714692,0.24517121646791,0.239796663207993,0.497883260250092,0.306110764531135,0.199045529808762,0.566261670753792
1,0.145414117099046,0.170966693169265,0.123750029596838,0.125662545382543,0.497610688209534,0,0.176426598504649,0.545371222239508
1,0.630619439885075,0.796636822663309,0.617765204487857,0.705503219788456,0.499358236789703,0.693889235468865,0.677997225132182,0.663322404293683
0,0.219953859707922,0.212826771590416,0.181017107029018,0.179115741205228,0.497610688209534,0,0.176426598504649,0.552902138743397
0,0.155041358543195,0.180731211737505,0.112484973471041,0.123998218134787,0.497610688209534,0,0.176426598504649,0.54458418824953
1,0.754207122556643,0.85635605159707,0.762159161685267,0.64788067020672,0.500484585762024,1,0.75966414440351,0.655301372655142
1,0.530553121873825,0.754520691671758,0.532309595411745,0.592804046087234,0.499692022800446,1,0.677997225132182,0.643967670492827
1,0.705346788288282,0.815083571184016,0.598798025827084,0.667661048913849,0.501115441322327,1,0.75966414440351,0.643633799062656
1,0.393108024971558,0.725749992847645,0.799931996638611,0.55193049031044,0.500476270914078,1,0.677997225132182,0.655770495835426
0,0.779085600055375,0.864278517158796,0.688489636154131,0.678805346685034,0.5000079870224,1,0.75966414440351,0.658418096559027
0,0.181694546705072,0.213893316170884,0.154860081652596,0.175548059204743,0.497721016407013,0,0.176426598504649,0.555044850847337
1,0.214067031210711,0.209530155382849,0.169682088985769,0.171634281601949,0.497610688209534,0,0.176426598504649,0.551567327812554
0,0.376498048987545,0.323017289697392,0.524769335710472,0.474490991058521,0.498183488845825,1,0.522380655504327,0.608203111620133
1,0.66792242934567,0.813927528882453,0.724448555648027,0.755161997292062,0.500073075294495,1,0.75966414440351,0.668075548012385
1,0.24563832592612,0.24385833921828,0.200090544449662,0.193244104256981,0.498003482818604,0,0.745767323256788,0.553757122572616
0,0.128046370092907,0.195161876462945,0.159239057567201,0.118186946867147,0.497873425483704,0,0.176426598504649,0.546336883780852
0,0.368501078326548,0.307125425443196,0.495168356506592,0.470079650567733,0.497883260250092,0.306110764531135,0.522380655504327,0.60322228110373
0,0.228949578113452,0.219721337200119,0.179235091258267,0.204353460928999,0.497610688209534,0,0.176426598504649,0.555918824126208
0,0.236004516342087,0.235177407860218,0.25662625858734,0.230018247003826,0.498220801353455,0.306110764531135,0.202951100876261,0.557993571603058
1,0.231823243569075,0.260095746163131,0.405971426236823,0.284562674431329,0.498186945915222,0.306110764531135,0.89417021520921,0.585281762774388
0,0.258764848665351,0.248029397287807,0.285614012080261,0.371206957526016,0.497790694236755,0,0.199045529808762,0.576561835985107
1,0.677006744005667,0.81810323706922,0.719787291574081,0.752857511689356,0.500932902097702,1,0.75966414440351,0.659976649476866
0,0.575521291481798,0.758256121678476,0.666465232448434,0.521574962649723,0.501186162233353,1,0.696784602692021,0.61235209748973
1,0.374208509279479,0.675918880405402,0.414875248601648,0.352514767591761,0.4993856549263,0.306110764531135,0.142426576157383,0.601802785388564
0,0.823979513000877,0.878385882983495,0.709702173276251,0.67928303156837,0.500501781702042,1,0.75966414440351,0.659178251427279
0,0.199207404178885,0.232062636652964,0.302935184208482,0.250267314713063,0.497790694236755,0.306110764531135,0.319912954043312,0.572516194747628
0,0.450789309005126,0.692916672826549,0.381471890017595,0.389360389032818,0.500056266784668,0.306110764531135,0.504565711671957,0.598308096307547
1,0.33271768034624,0.290944685253842,0.44017155161773,0.450307237732534,0.497790694236755,0.306110764531135,0.522380655504327,0.604801260365074
0,0.317971611693794,0.283393504391848,0.396447398613777,0.442625741778664,0.497790694236755,0.306110764531135,0.522380655504327,0.602485015215854
0,0.187976411579668,0.192899502494966,0.151293956153299,0.147193421110626,0.497610688209534,0,0.176426598504649,0.542640864033433
0,0.182602429456955,0.190410366398787,0.148165898917064,0.144962218590401,0.49770325422287,0,0.176426598504649,0.542550183370725
0,0.141447561670152,0.166054159584796,0.110717174945778,0.127876655948443,0.497610688209534,0,0.176426598504649,0.540721641112682
0,0.227629545234751,0.228094092733296,0.22389981340838,0.261821158248079,0.497790694236755,0,0.199045529808762,0.558924883555042
1,0.710367596791548,0.552932216667259,0.622528633861218,0.5379966515037,0.499827861785889,0.306110764531135,0.522380655504327,0.607447950481334
1,0.335371128841194,0.284083937049146,0.458370192164209,0.434736046028379,0.497883260250092,0.306110764531135,0.522380655504327,0.601375867123342
0,0.276390528438053,0.253026687517451,0.350731262439585,0.359877311344675,0.497790694236755,0.306110764531135,0.319912954043312,0.588365714344024
0,0.158304155159345,0.176889029436807,0.217306662307036,0.148228509480082,0.498575150966644,0,0.176426598504649,0.541407426449305
0,0.22509008930269,0.215198288497247,0.207202006937512,0.176233597411059,0.497610688209534,0,0.176426598504649,0.550601335309535
1,0.348973617363359,0.259617665420982,0.279754728549688,0.392800999369009,0.497955799102783,0.306110764531135,0.525701174736548,0.591766639190118
1,0.70665318225683,0.823202561911895,0.807958491128484,0.779037040325998,0.50148344039917,1,0.75966414440351,0.666765532431892
0,0.177657006301699,0.191244452847594,0.119023830528724,0.139407897591495,0.497610688209534,0,0.176426598504649,0.545949248997947
0,0.273565793881037,0.300165218504472,0.401221674236757,0.456677595825501,0.497901082038879,0.306110764531135,0.522380655504327,0.612324620871661
0,0.592926640747976,0.778682770122909,0.49870588136012,0.570125982077796,0.500413745641708,0.306110764531135,0.199045529808762,0.638014175538363
1,0.542543911895834,0.643710844299766,0.427796385245389,0.505116427968817,0.498570203781128,0.306110764531135,0.202951100876261,0.604814653001435
0,0.24824270483713,0.229051036673965,0.254661336748025,0.195019605692886,0.498307764530182,0,0.176426598504649,0.552902138743397
0,0.349402340767043,0.623826820031199,0.409025815700697,0.448856667621393,0.498245775699615,0.306110764531135,0.319912954043312,0.585387837734672
0,0.711235812202098,0.845090819661829,0.733837011124952,0.680661144574709,0.499977946281433,1,0.677997225132182,0.668314660920319
0,0.20358252862695,0.205892632727541,0.162916850664128,0.173628660899986,0.497610688209534,0,0.176426598504649,0.554294964628152
0,0.170545253521606,0.187715048825367,0.137869993247287,0.140606615162992,0.497721016407013,0,0.176426598504649,0.544877702567958
1,0.142903942386063,0.191974489025181,0.137369318037975,0.125201550875383,0.497610688209534,0,0.176426598504649,0.543507501047623
1,0.252898990829823,0.23913316087572,0.324110910568335,0.329072664254933,0.497790694236755,0.306110764531135,0.199045529808762,0.579594054851627
1,0.457413102337419,0.696669670528256,0.381471890017595,0.397549958729825,0.500056266784668,0.306110764531135,0.504565711671957,0.598308096307547
0,0.263383481388618,0.217509264695463,0.197196970386975,0.215257616564371,0.498066127300262,0.306110764531135,0.202951100876261,0.564085348123472
1,0.875804318066233,0.900263866559565,0.567776265878413,0.573517582633165,0.499154090881348,0.693889235468865,0.677997225132182,0.656658283662793
0,0.434283363682369,0.70974768052074,0.598284386643651,0.430604997464654,0.501186162233353,1,0.696784602692021,0.614912046798954
0,0.10415978216928,0.153111559320181,0.103382731417659,0.105545411495399,0.497721016407013,0,0.176426598504649,0.542622542485204
1,0.153057113973619,0.173785116066909,0.159369022096309,0.137893363188367,0.49770325422287,0,0.176426598504649,0.541472570773375
1,0.533668714352826,0.765491118812778,0.675415104517027,0.59005516596297,0.500303566455841,1,0.75966414440351,0.644242338801829
0,0.140308047725277,0.193236471872791,0.161350222866807,0.126570672166306,0.497721016407013,0,0.176426598504649,0.54447808502889
1,0.804106374106214,0.876167826045529,0.817723595293229,0.725274615943194,0.500811338424683,1,0.75966414440351,0.668314660920319
0,0.286660356536999,0.225985761573813,0.193584260285079,0.234712219081599,0.497955799102783,0.306110764531135,0.202951100876261,0.564664254655104
0,0.218830149118369,0.281368798700657,0.262296596867751,0.219237003576044,0.498542904853821,0.306110764531135,0.319912954043312,0.573446051554922
1,0.522668975334082,0.735544223807477,0.419413794577239,0.478309720411476,0.500056266784668,0.306110764531135,0.357495473788246,0.612399598920266
0,0.445881360103248,0.47511002585394,0.258052732137236,0.514260453423724,0.498186945915222,0.693889235468865,0.522380655504327,0.605239473040379
1,0.389181612531779,0.278670123484841,0.287590292108394,0.453628470979935,0.498048365116119,0.306110764531135,0.525701174736548,0.594016356486077
1,0.657237323563111,0.806716150953638,0.739319247194408,0.695845237038187,0.500932902097702,0.693889235468865,0.75966414440351,0.65015148132023
0,0.680005824466076,0.818756981480195,0.647867042036993,0.727379991075629,0.500932902097702,0.693889235468865,0.75966414440351,0.649081384701866
0,0.14904764762791,0.196999152512594,0.136427391310041,0.13140708168465,0.497721016407013,0,0.176426598504649,0.549782247355261
0,0.181350291642982,0.189681840177034,0.128180330659503,0.142744126125442,0.497610688209534,0,0.176426598504649,0.542640864033433
1,0.555637473076847,0.747947876324028,0.644668787119493,0.538293737910296,0.500705927610397,1,0.75966414440351,0.646393250318556
0,0.147019466359547,0.194553351650789,0.178873637059229,0.131558747169664,0.49770325422287,0,0.176426598504649,0.539830931786553
0,0.242727170523718,0.232183141748022,0.247441467742932,0.183952994656069,0.498307764530182,0,0.176426598504649,0.547276701099363
0,0.262223076333281,0.242035469755554,0.232578981161715,0.199441818945583,0.498307764530182,0,0.176426598504649,0.549475689525518
0,0.241469260638446,0.230390999292605,0.272928672341078,0.189910919080822,0.498003482818604,0,0.176426598504649,0.556190743636923
1,0.775818299244025,0.861174605932163,0.797359171703593,0.742605442191892,0.500418543815613,1,0.75966414440351,0.663926971173423
1,0.693301506507334,0.828080695254893,0.69189887007501,0.781408976773451,0.500711023807526,1,0.75966414440351,0.66196873744131
1,0.66634076330437,0.810243316148709,0.74266721702101,0.758607795678892,0.500353574752808,1,0.75966414440351,0.665798749940681
0,0.317906155080734,0.268062818541927,0.334695909645851,0.345430054988567,0.497920632362366,0.306110764531135,0.525701174736548,0.576643811611376
0,0.162551705857647,0.179345285909981,0.154965276358335,0.147225188158324,0.497610688209534,0,0.176426598504649,0.543787352756585
0,0.268005245890247,0.217363002959187,0.166939324002899,0.217204142010269,0.497955799102783,0.306110764531135,0.202951100876261,0.564845734461407
0,0.106679851871008,0.166474430323311,0.0981428710318222,0.114102627362634,0.497610688209534,0,0.176426598504649,0.541652357608939
1,0.876949498210154,0.883056039151179,0.829387716559366,0.827269468353344,0.501036643981934,1,0.75966414440351,0.664541719593644
0,0.322290373121671,0.638379303307312,0.219209917988993,0.284737682269946,0.499238193035126,0.306110764531135,0.142426576157383,0.598985215586552
0,0.110252985826296,0.168572486808565,0.109999923671022,0.117751216588475,0.497610688209534,0,0.176426598504649,0.540367932732036
0,0.617766683972254,0.783885603012212,0.679622687054021,0.692621108105486,0.500353574752808,1,0.75966414440351,0.648100905106854
0,0.141164516251033,0.186119130579491,0.1371967763831,0.115417553555273,0.497972011566162,0,0.176426598504649,0.545275066055172
1,0.31723430565405,0.285933939206065,0.435797150557654,0.440511045885888,0.497901082038879,0.306110764531135,0.522380655504327,0.606703005963815
0,0.508848949761768,0.746295173590663,0.670195559473445,0.497299305500259,0.50148344039917,1,0.75966414440351,0.632710773049906
0,0.444481730398268,0.68884465636521,0.358078006805416,0.372743746914321,0.500187337398529,1,0.696784602692021,0.596780290879949
0,0.38496097990486,0.406207310236917,0.443847583345137,0.480991067203582,0.498542904853821,1,0.522380655504327,0.614308581803686
1,0.256087762652843,0.272908838067161,0.408540456196675,0.403712174943256,0.498262345790863,0,0.65085006751936,0.588697376973865
0,0.183849457766553,0.189949901569611,0.146078716445064,0.146568986467803,0.497610688209534,0,0.176426598504649,0.542464569499224
0,0.847252235491659,0.896703068604561,0.635586728778179,0.662439622962569,0.500385344028473,0.693889235468865,0.75966414440351,0.668097983028099
1,0.280311402064101,0.262644947554752,0.376573113460338,0.378109737092241,0.497901082038879,0.306110764531135,0.319912954043312,0.599923756649369
1,0.621470234278059,0.800154478099952,0.802639901127842,0.705430634669423,0.501750767230988,1,0.75966414440351,0.66124607737334
0,0.119485766337857,0.165203407546954,0.115942603988668,0.107644643905562,0.497610688209534,0,0.176426598504649,0.547397176357568
0,0.285702361417605,0.253571927271378,0.295218416163058,0.27078601655794,0.498487830162048,0.306110764531135,0.319912954043312,0.569103687346241
0,0.124285759031127,0.156274260461972,0.094830935710818,0.119285338233684,0.497610688209534,0,0.176426598504649,0.540858608753409
0,0.155767252321388,0.174002955680049,0.123750029596838,0.134734491996263,0.497610688209534,0,0.176426598504649,0.541013877940509
0,0.256141148682382,0.248121798982533,0.264219310786583,0.202520763143813,0.498003482818604,0,0.176426598504649,0.554669278987125
1,0.764495042923871,0.898438805905293,0.754385219147487,0.76842322749413,0.500763267278671,0.693889235468865,0.75966414440351,0.664545981765766
0,0.215433533507712,0.227574860508149,0.2080571889496,0.173304947941186,0.498006939888,0,0.176426598504649,0.552901012661364
0,0.199495884839449,0.202086688963309,0.149249978066144,0.15735205590319,0.497610688209534,0,0.176426598504649,0.545610039224677
1,0.700504071072197,0.828208459318608,0.732342653284324,0.757963633290348,0.500303566455841,1,0.75966414440351,0.666104764446278
0,0.216560215024319,0.221411539660395,0.182090414049485,0.171565248685788,0.497896552085876,0,0.176426598504649,0.551555781216054
1,0.547995618022343,0.753430683499501,0.493433796167301,0.495935320628628,0.500292122364044,0.306110764531135,0.619739176127957,0.635138900144843
1,0.777161041210863,0.818663027356804,0.815861072687561,0.85159379986838,0.500578850507736,1,0.75966414440351,0.676096956298121
0,0.421168191200309,0.354018679851634,0.366119057776139,0.458419369608501,0.499572694301605,0.306110764531135,0.319912954043312,0.600811649891843
1,0.122651541388521,0.159061906670557,0.104158389895066,0.110890182712199,0.497721016407013,0,0.176426598504649,0.543766397192699
0,0.306645528870727,0.234182257633644,0.228755697323268,0.251257045194216,0.497955799102783,0.306110764531135,0.202951100876261,0.563072753638402
0,0.199012253642253,0.199322976950548,0.17878672582423,0.154265481843991,0.49770325422287,0,0.176426598504649,0.543261539123207
0,0.228407984476962,0.199263554921496,0.164947597147042,0.185796783418728,0.497955799102783,0.306110764531135,0.202951100876261,0.563821854289784
1,0.524514139480328,0.363770747616942,0.602211654282556,0.579488711243429,0.498395562171936,1,0.380954521030003,0.622412180413382
1,0.221821077381425,0.217242457730082,0.289363436985017,0.175509038134494,0.498245239257812,0,0.176426598504649,0.550158351299883
0,0.270982604414331,0.270785392445865,0.474294850053125,0.368151324372161,0.498186945915222,0.306110764531135,0.319912954043312,0.596712139371086
0,0.248275768286693,0.240281932935638,0.260623407644975,0.196355738568433,0.498003482818604,0,0.176426598504649,0.554669278987125
0,0.605080019158053,0.718732154755063,0.540496313247284,0.385399713512847,0.500811219215393,1,0.696784602692021,0.612496907057177
1,0.309037526550876,0.268822037982986,0.380233708868383,0.410117170517776,0.497883260250092,0.306110764531135,0.199045529808762,0.587604099987018
0,0.263455418128474,0.219956992544776,0.193584260285079,0.212266876065261,0.497955799102783,0.306110764531135,0.202951100876261,0.569632191561319
0,0.238934245843946,0.22442123134364,0.215779823174799,0.19679678762246,0.497610688209534,0,0.176426598504649,0.556948443155932
0,0.217879390334747,0.212211066487905,0.161263578322262,0.185764528452108,0.497610688209534,0,0.176426598504649,0.553616963154577
1,0.190252813820727,0.193788270533789,0.167093945514293,0.149781531953286,0.497610688209534,0,0.176426598504649,0.542894977319348
0,0.153825089779213,0.173433677755591,0.1054600568954,0.131194445715971,0.497610688209534,0,0.176426598504649,0.540805277543394
0,0.237757006936388,0.228240503393292,0.24350561339266,0.243333423053371,0.497790694236755,0.306110764531135,0.319912954043312,0.574526375272891
0,0.488298266261235,0.719610073659965,0.385070230276224,0.422565550504916,0.500158607959747,0.306110764531135,0.619739176127957,0.615772263913602
0,0.178962420553287,0.21769438618919,0.218594274538049,0.151668441396499,0.497610688209534,0,0.176426598504649,0.551183392591913
0,0.329830100628956,0.279844959948832,0.401448673403934,0.416684787644365,0.498755156993866,0.306110764531135,0.319912954043312,0.595596647134133
1,0.817179706541737,0.844374027847466,0.787901315935695,0.844395418093394,0.500463843345642,1,0.75966414440351,0.677411536952487
0,0.214294535791397,0.208243524441415,0.216709641300557,0.166919133880799,0.49770325422287,0,0.176426598504649,0.550035682984522
0,0.127810158503608,0.157490842731416,0.119258494571629,0.125195898080423,0.497610688209534,0,0.176426598504649,0.540858608753409
0,0.175755632394881,0.196134562386395,0.144506070864869,0.183126925362963,0.497828006744385,0.306110764531135,0.202951100876261,0.551521983772438
0,0.624346347467209,0.786869244736986,0.654248605336625,0.718969891405055,0.500353574752808,1,0.75966414440351,0.6571304296042
0,0.42013118149184,0.356196669333835,0.474324391525268,0.486308454132841,0.497790694236755,1,0.522380655504327,0.616697175821944
0,0.340165405872398,0.253476194045217,0.260864294642749,0.337265326623601,0.497955799102783,0.306110764531135,0.202951100876261,0.579022669248883
1,0.347545053066452,0.259841064064631,0.400982427469637,0.282490031314004,0.498801112174988,0.306110764531135,0.796519599121717,0.564802438545452
0,0.289488109409315,0.256565671906252,0.32450121299195,0.36959346028534,0.497883260250092,0.306110764531135,0.199045529808762,0.582410862644453
0,0.208003859986807,0.197451551676085,0.168054828504408,0.169344758826357,0.497955799102783,0.306110764531135,0.202951100876261,0.569728546317036
1,0.83296120293504,0.88951978985505,0.643330879588307,0.643995825249897,0.499868869781494,0.693889235468865,0.75966414440351,0.663420791802437
1,0.11887854962433,0.181701077620018,0.131346537658583,0.110344967315676,0.497610688209534,0,0.176426598504649,0.54617366513568
0,0.820167100220275,0.883483513704748,0.455345596586218,0.640478149572998,0.498925983905792,0.693889235468865,0.446004969163823,0.65792411166981
1,0.229255332370803,0.219571573460876,0.227495350482116,0.180257566935494,0.497610688209534,0,0.176426598504649,0.554659723720197
0,0.430822603236397,0.731250339155181,0.685371854101272,0.581543983891254,0.500187456607819,1,0.677997225132182,0.648100905106854
0,0.276956287439549,0.249333772335778,0.328230044747018,0.319279900147093,0.497790694236755,0.306110764531135,0.319912954043312,0.584264127624433
1,0.663453515126865,0.824972988499125,0.712920643040723,0.679950267632764,0.500073075294495,1,0.75966414440351,0.654311672698576
1,0.335061438682516,0.300163541105807,0.395605222343808,0.304633630185196,0.499827861785889,0.306110764531135,0.199045529808762,0.569392151965076
0,0.249166769549101,0.210648042025213,0.177858910864181,0.202632118033425,0.497955799102783,0.306110764531135,0.202951100876261,0.565056370933444
0,0.273064537539501,0.244461776266045,0.308246180608488,0.296881160137935,0.497883260250092,0.306110764531135,0.319912954043312,0.575449026738964
0,0.165035131045604,0.179944185927632,0.131791757672086,0.13845991546072,0.497610688209534,0,0.176426598504649,0.541166921786526
1,0.311751902574018,0.271058721594728,0.368305602590044,0.427265776589598,0.498225748538971,0.306110764531135,0.800162601594983,0.601073195356403
0,0.143969648308969,0.169794486969842,0.11698006489836,0.125187210278876,0.497721016407013,0,0.176426598504649,0.5405992806331
1,0.865728845983885,0.862237426151012,0.841009543266919,0.888701857049169,0.501257419586182,1,0.75966414440351,0.678330675406582
0,0.2645445931009,0.239751262336591,0.290690390841245,0.255944769075088,0.497790694236755,0.306110764531135,0.319912954043312,0.57530218513782
0,0.112538073562654,0.157939156297253,0.106788832517331,0.106409492878982,0.497610688209534,0,0.176426598504649,0.547533819063725
0,0.102541139894595,0.169509037595784,0.138564509330654,0.127144856655881,0.498003482818604,0,0.176426598504649,0.547346983410561
1,0.591249310585075,0.772630298240933,0.602434796473541,0.643808717157017,0.500238537788391,0.693889235468865,0.75966414440351,0.641020543613874
1,0.768841954662648,0.900153564515023,0.742334674605744,0.817480908475457,0.500698238611221,1,0.75966414440351,0.672310273814155
0,0.178734192966905,0.234671841118096,0.223114383466798,0.168207787965491,0.498006939888,0,0.176426598504649,0.558485735389002
0,0.18038181435125,0.25441276707784,0.140243157963664,0.149811638081012,0.498362898826599,0,0.157841445202657,0.553549112105068
1,0.537048771553278,0.678846045078588,0.565953076236324,0.547995589690396,0.498135447502136,0.306110764531135,0.522380655504327,0.60552034640277
0,0.0881972813506252,0.155540903774456,0.106487009754888,0.109757420585731,0.497721016407013,0,0.176426598504649,0.541527285178112
0,0.132771018632629,0.166386981549252,0.1054600568954,0.117965456757656,0.497610688209534,0,0.176426598504649,0.547397176357568
1,0.61235468857607,0.787327154445508,0.654712129390308,0.690120934625035,0.500225454568863,0.693889235468865,0.75966414440351,0.648058498968865
1,0.614472890872662,0.783938110323992,0.715649626898828,0.622227260994246,0.500570952892303,1,0.75966414440351,0.644827228497689
0,0.307931000885519,0.269727901288054,0.453174641297472,0.367464783022929,0.497943103313446,0.306110764531135,0.319912954043312,0.598043032421756
1,0.561863760393747,0.757882639799692,0.52864231211841,0.522253595302596,0.500273674726486,0.306110764531135,0.619739176127957,0.627645005460161
0,0.295813237623491,0.280368621615169,0.435143550182212,0.421086195540684,0.49824458360672,0,0.183468435370571,0.581593607521314
1,0.563735674802892,0.754987191857364,0.561464720557385,0.525329566210758,0.500187337398529,1,0.696784602692021,0.613571034588973
0,0.221198045780115,0.220115235564086,0.233071434880447,0.17687599743467,0.497896552085876,0,0.176426598504649,0.555804527102329
0,0.174250260779656,0.18412417977406,0.147455137873208,0.146488807693309,0.497610688209534,0,0.176426598504649,0.540920893753706
0,0.151298035240716,0.172402127698312,0.159369022096309,0.138124985787935,0.49770325422287,0,0.176426598504649,0.541136221724136
0,0.588906776141555,0.768867027914756,0.522559861474093,0.659537038588054,0.500353574752808,0.693889235468865,0.75966414440351,0.641636591387231
0,0.183076449192805,0.191848728061985,0.138519034164171,0.148459518395915,0.497610688209534,0,0.176426598504649,0.54474058367469
0,0.291836658377959,0.267754357071607,0.370038550471909,0.407781993558084,0.497901082038879,0.306110764531135,0.319912954043312,0.59903859041888
0,0.448906526443365,0.694259742488711,0.335513341699098,0.386368945901848,0.499941229820251,0.306110764531135,0.150642322364192,0.597973934557979
0,0.673365615689017,0.818307816772871,0.713106689826324,0.763735122311441,0.500711023807526,1,0.75966414440351,0.66196873744131
0,0.111047802147273,0.170760741640228,0.110538473800263,0.110751270232124,0.497721016407013,0,0.176426598504649,0.54105350509799
0,0.618675886040015,0.747057299877353,0.561462332644457,0.59512235032715,0.500284880399704,1,0.696784602692021,0.626194933296049
1,0.801193705375255,0.876276680871427,0.79993615487561,0.730762049649707,0.500711023807526,1,0.75966414440351,0.668641881687882
1,0.312314489685708,0.585998786335348,0.212429116217488,0.246448855040954,0.498065710067749,0,0.176426598504649,0.567379545134975
0,0.152356350337263,0.172930757906036,0.123750029596838,0.131699102582246,0.497610688209534,0,0.176426598504649,0.541370123569929
0,0.147475658044175,0.19753354370576,0.129875206562924,0.134346104786424,0.497610688209534,0,0.176426598504649,0.547992273572117
1,0.403747092974334,0.709604892121742,0.433442289946587,0.408541038954462,0.499547123908997,0.306110764531135,0.619739176127957,0.626830548466338
1,0.539479496834212,0.743996501266354,0.50188247443306,0.559663660061863,0.500238537788391,1,0.75966414440351,0.638167014413011
1,0.747482108163032,0.845649452114122,0.777575789720885,0.743540153029118,0.500484585762024,1,0.75966414440351,0.661023187162071
0,0.25180512648588,0.231451760575593,0.193730445871961,0.225692529275263,0.497610688209534,0,0.176426598504649,0.558934385673687
0,0.173124149440245,0.206128034738294,0.215069079122266,0.170089703430123,0.497920632362366,0.306110764531135,0.202951100876261,0.557735789166024
0,0.461793731398486,0.704065437017246,0.334392881919426,0.407838466872593,0.499710738658905,0.306110764531135,0.150642322364192,0.6001265539476
1,0.582512849063751,0.767004359380433,0.592621750580607,0.55196884948434,0.500121265649796,0.306110764531135,0.619739176127957,0.627271903343548
0,0.579271163200614,0.764304288694342,0.530597659923908,0.64144570706199,0.500353574752808,0.693889235468865,0.75966414440351,0.640130169317626
0,0.204400177819251,0.210133637520495,0.181657998522218,0.202723761328742,0.497828006744385,0.306110764531135,0.202951100876261,0.552594700088133
1,0.352601362339666,0.416484775943016,0.501110647556513,0.492178033931613,0.498542904853821,1,0.522380655504327,0.607803446440826
1,0.867072524415745,0.895489987169582,0.783239156411831,0.569634035660841,0.501511991024017,0.693889235468865,0.677997225132182,0.67113772391379
0,0.146013665157893,0.170862503518946,0.105674638064262,0.123315620860278,0.497721016407013,0,0.176426598504649,0.541166921786526
0,0.159886059042039,0.178038077985662,0.111591548117557,0.135027487228068,0.497610688209534,0,0.176426598504649,0.541469700116975
1,0.753355241807108,0.853482285712218,0.795182196045139,0.791784225449374,0.500932902097702,1,0.75966414440351,0.666989537620168
1,0.573494162997538,0.785031666365,0.67999553592693,0.614579386765579,0.500932902097702,0.693889235468865,0.75966414440351,0.643299414109393
1,0.906350009386391,0.896489110265528,0.782582695688417,0.772376894799563,0.500931262969971,1,0.75966414440351,0.665932333184276
0,0.171415787788323,0.190289421094692,0.116180163645966,0.136938339681354,0.497610688209534,0,0.176426598504649,0.54735171125906
0,0.663032149222512,0.816232585471365,0.564302330110888,0.727139268673462,0.499871373176575,0,0.446004969163823,0.649081384701866
1,0.519943501875967,0.732061311947328,0.467889531590567,0.473602335983177,0.500056266784668,0.306110764531135,0.357495473788246,0.610880442643301
1,0.84053400639669,0.861571751663628,0.787195097168027,0.777313988246702,0.500803500413895,1,0.75966414440351,0.649986581021701
1,0.179278719048779,0.191895585519688,0.254910288978878,0.164257407602356,0.498307764530182,0,0.176426598504649,0.543338036469692
1,0.811964031181515,0.838974033746099,0.826967296620805,0.858455627679812,0.500578850507736,1,0.75966414440351,0.679874594556144
0,0.193853318056158,0.196741428350615,0.134804090488133,0.151569436335476,0.497610688209534,0,0.176426598504649,0.547276701099363
1,0.690533773798678,0.76993109402375,0.529176409970018,0.669491018227835,0.500166594982147,0.306110764531135,0.89417021520921,0.632143850789618
0,0.397634843699304,0.284743616808057,0.460320475059741,0.388215236737175,0.498590409755707,0.306110764531135,0.202951100876261,0.586761742803314
0,0.15685105158619,0.17665918241987,0.104327107335446,0.128639865693785,0.497610688209534,0,0.176426598504649,0.542078977169605
0,0.365567731056479,0.323150181742343,0.490085882827873,0.472763931338666,0.498076617717743,1,0.522380655504327,0.615518418020916
0,0.210844116397543,0.213142704211982,0.138139662340385,0.190055218102371,0.497828006744385,0.306110764531135,0.202951100876261,0.552517278596494
0,0.268976099428518,0.245575333387371,0.321234339928946,0.288620402045037,0.497790694236755,0.306110764531135,0.319912954043312,0.581478491157692
1,0.672109014409118,0.812788651230367,0.709581907113395,0.74795335889998,0.500238537788391,1,0.75966414440351,0.668101378319622
0,0.254404214944902,0.235097503525676,0.28299418362133,0.20757244694885,0.498004853725433,0,0.176426598504649,0.562894740359693
0,0.186145097303224,0.228978285955324,0.173583104206793,0.153691798765774,0.498006939888,0,0.157841445202657,0.553130077158777
0,0.312238224140078,0.237291514029536,0.228755697323268,0.256433602815,0.497955799102783,0.306110764531135,0.202951100876261,0.563455929691945
0,0.146311290038784,0.176156532232118,0.131210987947592,0.126104292257519,0.49770325422287,0,0.176426598504649,0.546591599307324
0,0.264168140170256,0.256544316106059,0.270491626095802,0.20888806075942,0.498245239257812,0,0.745767323256788,0.557144568865164
0,0.653042908718615,0.800815971966135,0.765654907159319,0.695643351574644,0.501072615385056,0.693889235468865,0.75966414440351,0.645341826884451
1,0.203194354187083,0.201560943561752,0.195818852967827,0.157337167579126,0.49770325422287,0,0.176426598504649,0.543515597655898
0,0.184472103413115,0.205581164773525,0.172788445410438,0.17741732140086,0.497828006744385,0.306110764531135,0.202951100876261,0.557599738041642
0,0.166358098308761,0.180541138643214,0.1054600568954,0.136043136707029,0.497610688209534,0,0.176426598504649,0.541722816051252
0,0.33250541420982,0.291245575641687,0.284684431384839,0.414802658751131,0.498487830162048,0,0.199045529808762,0.576561835985107
0,0.195533343106598,0.215177059125884,0.386056052288094,0.182196478634706,0.499297857284546,0,0.176426598504649,0.540934445090987
0,0.0952494092034826,0.163864349717521,0.102076662025434,0.100217475685246,0.497721016407013,0,0.176426598504649,0.545050452481969
1,0.696817940580768,0.772117038596577,0.565907774423979,0.70325182473137,0.500281542539597,0.306110764531135,0.89417021520921,0.635128032382324
0,0.114959618437946,0.1826854707735,0.111953111098144,0.107852459226189,0.497721016407013,0,0.176426598504649,0.545780632652326
0,0.214693650181584,0.211509056502651,0.179235091258267,0.176946547749138,0.497610688209534,0,0.176426598504649,0.55368440935586
1,0.672077842495337,0.812062857413397,0.722081188548429,0.747747343004748,0.500238537788391,1,0.75966414440351,0.666290199255587
0,0.320935740600316,0.285855189263765,0.396447398613777,0.445220269207708,0.497790694236755,0.306110764531135,0.522380655504327,0.599478165078757
1,0.523829638768026,0.759279947485155,0.631682987725885,0.638019862068592,0.5000079870224,0.693889235468865,0.75966414440351,0.663789125821677
0,0.25310609418562,0.242034091095516,0.275030136664779,0.350292023623254,0.497790694236755,0,0.199045529808762,0.578586888910741
1,0.553907506096342,0.768926678463234,0.606117326664608,0.68363893360746,0.499358236789703,1,0.677997225132182,0.658873294069995
0,0.60905237667036,0.784669551080601,0.612953281537577,0.709795294485746,0.5000079870224,1,0.446004969163823,0.655990017419003
1,0.567758348705191,0.755264931024902,0.606033362181081,0.586086731016485,0.500484585762024,1,0.75966414440351,0.645521329993802
0,0.831661240688156,0.88897936435284,0.770580806024879,0.685187455411773,0.500607222318649,1,0.75966414440351,0.668314660920319
0,0.121016951480358,0.155620470158133,0.10029654647296,0.114907976670379,0.497721016407013,0,0.176426598504649,0.541018986305086
0,0.212843325801893,0.220378111416245,0.217124721902178,0.2432671829574,0.497790694236755,0,0.199045529808762,0.558924883555042
1,0.177963131805756,0.200520023943952,0.139582579030078,0.171313141587951,0.497828006744385,0.306110764531135,0.202951100876261,0.559499572177387
1,0.227618446373848,0.218904473528686,0.231568586570919,0.177023730898142,0.498004853725433,0,0.176426598504649,0.553388401512601
0,0.186839409820042,0.195236621129189,0.141316942972212,0.148873598284375,0.497610688209534,0,0.176426598504649,0.545161016571349
0,0.707078905352249,0.837008471346841,0.766392404899002,0.672866041610806,0.500484585762024,1,0.75966414440351,0.65534815355542
0,0.359275171356086,0.314286761475042,0.409602482599431,0.464682814085343,0.497901082038879,0.306110764531135,0.522380655504327,0.605241754743015
0,0.478573636376996,0.707283102994136,0.576047137810779,0.38808948439557,0.501630693674088,1,0.696784602692021,0.598985215586552
0,0.179933832340103,0.1883143530567,0.130539158978796,0.143196734319135,0.497610688209534,0,0.176426598504649,0.542213956492065
1,0.691156926535257,0.818826367118283,0.739216522714365,0.687026621051887,0.50176477432251,1,0.75966414440351,0.649233633489565
0,0.217280764942285,0.214089969716059,0.143029560553452,0.203136798637014,0.497610688209534,0,0.176426598504649,0.555327329015072
1,0.618876338237966,0.788227089698971,0.632538529613893,0.72689039110257,0.5000079870224,1,0.446004969163823,0.660228576302306
0,0.139343627009028,0.165725708313348,0.118658237754376,0.124367058868428,0.497721016407013,0,0.176426598504649,0.540882025894876
0,0.282537810759836,0.257292660981263,0.308021860694179,0.394702925003239,0.497790694236755,0.306110764531135,0.199045529808762,0.583196078021641
0,0.120532682268316,0.15385856294059,0.0929477099056129,0.122487987035823,0.497610688209534,0,0.176426598504649,0.541407426449305
1,0.725243686648432,0.838327087622959,0.739142020469508,0.733374378717997,0.500238537788391,1,0.75966414440351,0.660700882229388
0,0.513926477187653,0.735049106391875,0.45727271036678,0.461580868578633,0.499928176403046,0.306110764531135,0.619739176127957,0.622011887292303
0,0.234145774779058,0.237059048259225,0.249862709767911,0.208289550640067,0.498006939888,0,0.176426598504649,0.561566723477636
0,0.163657892872242,0.18031503411887,0.116886677933967,0.132947776384211,0.497610688209534,0,0.176426598504649,0.542716196046313
0,0.184534739816069,0.195076689566706,0.142474895586517,0.149033476906646,0.497721016407013,0,0.176426598504649,0.549356469926081
1,0.796715713900032,0.870242033534485,0.857859052370671,0.769316292822398,0.501312971115112,1,0.75966414440351,0.668600642101918
0,0.169935346204663,0.214165799672714,0.214912186153309,0.162856378676158,0.497790694236755,0,0.199045529808762,0.553029802447137
1,0.544376333254004,0.768158774563996,0.672899007853383,0.649479731634381,0.500238537788391,1,0.75966414440351,0.662245199968657
1,0.57402024996428,0.761220335168151,0.691602722631251,0.488732804469052,0.501294583082199,1,0.696784602692021,0.628971896150624
1,0.555823155994395,0.753175987989982,0.539305450051176,0.58748619048867,0.500238537788391,1,0.75966414440351,0.639324459696912
1,0.17754940059833,0.240430233115185,0.350456605612081,0.301420984994027,0.497901082038879,0.306110764531135,0.89417021520921,0.593930031305654
0,0.293242232511648,0.236849077464604,0.203635472470545,0.281865567361783,0.498066127300262,0.306110764531135,0.202951100876261,0.575790701635967
0,0.224899007259012,0.217408798391433,0.209623732685481,0.175195545142246,0.497763097286224,0,0.176426598504649,0.553388401512601
0,0.182741543683752,0.219770993946634,0.202541367078088,0.163495958914059,0.497610688209534,0,0.176426598504649,0.552242875598002
1,0.632021644855261,0.795160953056792,0.723382041938745,0.710639138180984,0.500455915927887,1,0.75966414440351,0.651420435455247
0,0.164566883143002,0.178546888569427,0.139670299281633,0.14263374116921,0.497610688209534,0,0.176426598504649,0.540826408530125
1,0.189052258761107,0.194596926052177,0.259278924591946,0.153777474957157,0.498575150966644,0,0.176426598504649,0.542149794855303
0,0.24898552295788,0.24347371235004,0.251593282143177,0.195173236652936,0.498245239257812,0,0.176426598504649,0.551278148106913
0,0.192376087186621,0.202041311836334,0.174211848838256,0.162961170260695,0.497721016407013,0,0.176426598504649,0.552505330369451
1,0.61314704280891,0.778884068656935,0.619516710370845,0.672999430625268,0.500484585762024,0.693889235468865,0.75966414440351,0.642220458286466
0,0.188835787848339,0.197045298324272,0.141316942972212,0.150507471671963,0.497610688209534,0,0.176426598504649,0.545610039224677
1,0.225581656026254,0.239848435975591,0.335758691674156,0.192501587672104,0.499647855758667,0,0.176426598504649,0.540896011405883
1,0.793988386235098,0.905820017490605,0.823951901065328,0.839965037793555,0.50091564655304,1,0.75966414440351,0.674442688239211
0,0.328215049689394,0.281840023201259,0.425545763696807,0.439853678474895,0.497790694236755,0.306110764531135,0.522380655504327,0.598673683953723
0,0.202586057072629,0.22929661723641,0.269890373096976,0.269018729311958,0.497901082038879,0.306110764531135,0.109336398888744,0.575261417122049
0,0.301124946336475,0.268344659371821,0.408809415651358,0.387919664301842,0.497790694236755,0.306110764531135,0.319912954043312,0.599923756649369
1,0.646358096389837,0.797158447041008,0.732081268824656,0.551080786896056,0.501467555761337,1,0.696784602692021,0.631501868679063
0,0.385922902391653,0.684139841045023,0.433176518991239,0.400283628744586,0.500408679246902,1,0.696784602692021,0.606674092005365
0,0.0954954267954562,0.151792435329755,0.0899333076905174,0.0923014702507888,0.497721016407013,0,0.176426598504649,0.541609504315886
0,0.646275894642159,0.576122754718516,0.221787006401841,0.542572627522198,0.498076617717743,0.693889235468865,0.522380655504327,0.605239473040379
0,0.162874428413425,0.186813849143989,0.17188201248104,0.144036405435607,0.498006939888,0,0.176426598504649,0.548685111440987
0,0.196821499118279,0.20795004905507,0.133248575477399,0.19196859370201,0.497721016407013,0,0.176426598504649,0.552357435477848
0,0.296538958334892,0.258390313304769,0.222246705384985,0.346056898122759,0.497828006744385,0.306110764531135,0.525701174736548,0.579511679181232
0,0.165198561981315,0.186626460060198,0.116357568126302,0.132738063814699,0.497721016407013,0,0.176426598504649,0.544642925566675
0,0.144118870039807,0.168964257175343,0.119586890914615,0.128736718792714,0.497721016407013,0,0.176426598504649,0.541270483669252
1,0.197638437604618,0.218149376843035,0.181181119049485,0.158590581194673,0.498006939888,0,0.176426598504649,0.551069918893451
0,0.31807416679623,0.246808893471353,0.228606544104699,0.306671132497796,0.497955799102783,0.306110764531135,0.202951100876261,0.573906364884074
1,0.591434377061118,0.763616983407665,0.801133638065972,0.497608208119425,0.501352697610855,1,0.696784602692021,0.606695101099856
0,0.158346612288184,0.188980457017289,0.142883019788294,0.152144649729278,0.498003482818604,0,0.176426598504649,0.547385671647937
0,0.741558792323585,0.833753800068798,0.646191579520659,0.759265753066369,0.501210242509842,1,0.75966414440351,0.654525096300438
0,0.441303190278184,0.692218916253645,0.334392881919426,0.382439039959108,0.499710738658905,0.306110764531135,0.150642322364192,0.599504452257581
0,0.596082785427034,0.718324695832351,0.333694380402599,0.456765173742377,0.499058127403259,0.306110764531135,0.150642322364192,0.611477641793187
0,0.590691868415079,0.773856167154261,0.570061858818347,0.646512486407831,0.500238537788391,0.693889235468865,0.75966414440351,0.641506330004717
1,0.763955889029128,0.850261653120552,0.745290122362923,0.741240037174797,0.501750767230988,1,0.75966414440351,0.659116342730983
0,0.129224797491411,0.182410180198002,0.129647921018837,0.121494211702777,0.497610688209534,0,0.176426598504649,0.540274295270788
0,0.19266720215898,0.199651156477267,0.141316942972212,0.152440097601064,0.497610688209534,0,0.176426598504649,0.545440730315813
1,0.616403105585316,0.780798613505585,0.703155794743487,0.639495630281836,0.500705927610397,0.693889235468865,0.75966414440351,0.640051565914424
0,0.158355025910487,0.178016564228655,0.104074032269578,0.128666979379685,0.497610688209534,0,0.176426598504649,0.542371380917612
1,0.690536411315014,0.819728808293971,0.767144183198323,0.765688487493796,0.500353574752808,1,0.75966414440351,0.66761816280794
0,0.21833160102169,0.219639696708291,0.170872095295962,0.210806620364736,0.497721016407013,0,0.176426598504649,0.558934385673687
1,0.713406212968961,0.85794885465401,0.784838963833056,0.586575698341972,0.501244187355042,0.693889235468865,0.677997225132182,0.653361886359425
1,0.489753186833523,0.717023617945563,0.464046171565217,0.412698522538815,0.500121265649796,0.306110764531135,0.619739176127957,0.611250119539749
0,0.132235159477711,0.192627456113324,0.150505709332546,0.129405824276475,0.497896552085876,0,0.176426598504649,0.548244551684768
1,0.704341936047322,0.827676545288112,0.796628775157681,0.776150024981333,0.500418543815613,1,0.75966414440351,0.669904130698468
1,0.858844010601418,0.870468542727635,0.802869836157541,0.823059243242732,0.500578850507736,1,0.75966414440351,0.667200398988701
1,0.753939346084348,0.85159021245562,0.790330441643613,0.748690337656204,0.500418543815613,1,0.75966414440351,0.664766240162622
0,0.141719382394584,0.172368749146917,0.101951967766303,0.117462503010999,0.497721016407013,0,0.176426598504649,0.542622162522512
0,0.457444794611907,0.725755449972456,0.683529576630646,0.55097616068906,0.500073432922363,0.693889235468865,0.677997225132182,0.63962882352259
0,0.402828350562489,0.367764259067006,0.441058474851052,0.495783510487302,0.498432576656342,1,0.522380655504327,0.613170519112306
1,0.812354880459462,0.839243790616717,0.838297514302586,0.868198401413714,0.500709891319275,1,0.75966414440351,0.680931014381428
0,0.697374026964389,0.751479465555623,0.302877434188279,0.55017247830747,0.498528242111206,0.693889235468865,0.522380655504327,0.594194818732262
0,0.378384649647223,0.270576782655597,0.325945114206392,0.414823298782463,0.497955799102783,0.306110764531135,0.525701174736548,0.591283181828603
1,0.406951478102342,0.285825927444946,0.436516971649307,0.485530720221553,0.498243153095245,0.306110764531135,0.800162601594983,0.609964533047754
1,0.237016342803505,0.233160382580574,0.25290121480404,0.215948919818094,0.498006939888,0,0.176426598504649,0.565895622996174
1,0.615453236426917,0.812672106194021,0.879868405354579,0.674131764932786,0.501326739788055,1,0.677997225132182,0.667732328272364
0,0.235294917345442,0.226889325584588,0.26113540814533,0.230705019433411,0.497790694236755,0.306110764531135,0.319912954043312,0.571890372215539
0,0.120753006029295,0.169505486725211,0.135306837154014,0.127793367465643,0.498006939888,0,0.176426598504649,0.547385671647937
1,0.39909086740137,0.330736152638213,0.464640458332609,0.481256165172846,0.497790694236755,0.306110764531135,0.522380655504327,0.607302882986595
1,0.735575596000798,0.799546730680912,0.705707316917255,0.818260673278254,0.499689221382141,1,0.446004969163823,0.666696594178148
0,0.386917622077493,0.613314395461529,0.239977490673625,0.34311085221018,0.49795538187027,0,0.176426598504649,0.559089141463057
0,0.467431683188406,0.707756024513542,0.309841692831668,0.436496465222333,0.499060928821564,0.306110764531135,0.357495473788246,0.612166988590574
1,0.49403353046684,0.723718461746507,0.343751645799262,0.455159903386053,0.498832821846008,0.306110764531135,0.357495473788246,0.611324904959679
1,0.232654843251765,0.22823628459304,0.21163172337876,0.203910535753915,0.497763097286224,0,0.176426598504649,0.562601035916116
1,0.191609573959116,0.205872326647444,0.204204680535454,0.196898604614907,0.497828006744385,0.306110764531135,0.202951100876261,0.557835551798262
0,0.282122396413866,0.254866224194943,0.375562135268294,0.362428517394093,0.497790694236755,0.306110764531135,0.319912954043312,0.588365714344024
1,0.25170467380979,0.209845093573639,0.174662748780654,0.204535508519506,0.497955799102783,0.306110764531135,0.202951100876261,0.563139583727419
1,0.688777447657399,0.81722315705292,0.803029625246529,0.772662230383763,0.500705927610397,1,0.75966414440351,0.665798749940681
1,0.609592740719716,0.786050170423856,0.654272435092953,0.61545584995022,0.500711023807526,1,0.75966414440351,0.64858729372114
0,0.282780899038603,0.26528902464911,0.216385320963867,0.219082001166628,0.498402535915375,0,0.176426598504649,0.551278148106913
0,0.415683077328393,0.30582524507947,0.371548070028585,0.51527810838678,0.498243153095245,0,0.199045529808762,0.586942304484869
0,0.431781553884538,0.685694461283526,0.322309735204667,0.378811284188012,0.499710738658905,0.306110764531135,0.150642322364192,0.597352985575957
1,0.246671697995002,0.240409661490735,0.322850840532225,0.330356061057645,0.497901082038879,0.306110764531135,0.319912954043312,0.584867848844832
1,0.386393921557705,0.684868452439179,0.54847076773584,0.39069152798109,0.50142839550972,1,0.696784602692021,0.614267544542921
0,0.291002512073568,0.260446061451974,0.404718456418018,0.30387504750888,0.498183488845825,0.306110764531135,0.319912954043312,0.586368911406723
0,0.423380318991207,0.704882269156043,0.449412244612985,0.419117616221758,0.500187337398529,1,0.696784602692021,0.613276628992288
1,0.230500770488926,0.225737439399341,0.284747291470076,0.262497559427676,0.497901082038879,0.306110764531135,0.319912954043312,0.572229151908274
0,0.417063837753772,0.340441706496146,0.543237758759079,0.49119586314029,0.499477922916412,0.306110764531135,0.522380655504327,0.606807197980315
0,0.112278850858796,0.14910756818189,0.0809442229151345,0.113003659128133,0.497610688209534,0,0.176426598504649,0.54127317061649
0,0.313775599655848,0.239821601843108,0.214955229189146,0.27839819797195,0.497955799102783,0.306110764531135,0.202951100876261,0.569299539055499
1,0.710615937058472,0.793705253675884,0.77177539570887,0.807354509975969,0.500582128763199,1,0.75966414440351,0.669678851410696
0,0.645746594441903,0.806400777532022,0.674916912138516,0.750227841716851,0.499844431877136,1,0.446004969163823,0.661906979206543
1,0.733712404881861,0.842249355003812,0.773024165802912,0.75572057997294,0.500418543815613,1,0.75966414440351,0.664209196708107
0,0.355789538152453,0.298030550439683,0.348139877854704,0.412177757933807,0.498487830162048,0.306110764531135,0.319912954043312,0.596354192482852
0,0.516339825819052,0.758265187085144,0.627617041256956,0.588870268723239,0.5000079870224,1,0.75966414440351,0.650166507378224
1,0.329633033888137,0.295559550345101,0.453404395227924,0.428344992107077,0.498183488845825,1,0.319912954043312,0.605307646853984
1,0.229115921142334,0.200917502186886,0.15796028754441,0.186068918254674,0.498066127300262,0.306110764531135,0.202951100876261,0.563894797523024
0,0.50067372974034,0.3563376338202,0.579400207341263,0.595429397503455,0.498635947704315,0.306110764531135,0.380954521030003,0.622002034226695
1,0.313841050726604,0.298884285497362,0.376231073012959,0.386204261816586,0.498076617717743,0.306110764531135,0.319912954043312,0.596517952270023
1,0.204640376532033,0.204754990489633,0.153989635845695,0.166689189437923,0.497610688209534,0,0.176426598504649,0.551567327812554
0,0.437805618787125,0.69870376709542,0.314089728465774,0.434931722418343,0.499060928821564,0.306110764531135,0.142426576157383,0.624645205733214
1,0.502868340817027,0.417984765910082,0.489951660869227,0.506281662242112,0.498183488845825,1,0.522380655504327,0.616177109575076
0,0.240778997695033,0.227189596015162,0.183645572643214,0.221660757098534,0.497610688209534,0,0.176426598504649,0.560055320562938
1,0.19018843291007,0.328321684291182,0.51281433662085,0.381342799605228,0.499611616134644,0.306110764531135,0.65085006751936,0.597859293922448
0,0.177817097738858,0.201612540494875,0.165662433311872,0.153197632010031,0.498006939888,0,0.176426598504649,0.54933090340861
1,0.289420186774195,0.31629081683897,0.447820508197468,0.467505906468563,0.497901082038879,0.306110764531135,0.522380655504327,0.612324620871661
0,0.18764210257311,0.193407532550369,0.154965276358335,0.153753108853381,0.497610688209534,0,0.176426598504649,0.544428560489238
1,0.715749954032873,0.784544560733778,0.632314005826174,0.573580192484485,0.500860989093781,0.306110764531135,0.619739176127957,0.638058266021858
0,0.135558261017455,0.189508600203211,0.149877915945366,0.121879595836589,0.497721016407013,0,0.176426598504649,0.544549316231083
1,0.417070071304961,0.301407705384492,0.501881683364358,0.520062913302014,0.498505890369415,0.306110764531135,0.800162601594983,0.629887566146088
0,0.515951261169107,0.752011368291931,0.617231228882508,0.572026530002388,0.500353574752808,0.693889235468865,0.75966414440351,0.644669411544138
0,0.234088646453542,0.221437582236488,0.183056551150934,0.213423361676508,0.497610688209534,0,0.176426598504649,0.557758098245993
1,0.43904617766147,0.720915595738641,0.443835133914275,0.434981341661137,0.499318957328796,0.306110764531135,0.619739176127957,0.626394702425779
0,0.228944812419593,0.220104091171324,0.227495350482116,0.183025707304093,0.497610688209534,0,0.176426598504649,0.555284616792225
0,0.261705972378325,0.254532312669302,0.371169516397195,0.30765507833039,0.498186945915222,0.306110764531135,0.319912954043312,0.587713138796709
1,0.760927891842485,0.895936734371961,0.789454189809034,0.806111667168748,0.501828163862228,1,0.75966414440351,0.673501215807559
0,0.275193955842934,0.257882607948611,0.35333141762563,0.340159953207507,0.498053431510925,0.306110764531135,0.319912954043312,0.590532019925169
0,0.640394283526785,0.801140363896265,0.655719550298494,0.743685069250213,0.499130129814148,1,0.446004969163823,0.665863254050515
0,0.147877839530287,0.175307253466577,0.115769327941726,0.120666407099987,0.497721016407013,0,0.176426598504649,0.544241507575241
0,0.202691304078019,0.202675783195971,0.165678773317671,0.158773987091018,0.497610688209534,0,0.176426598504649,0.54866730552177
0,0.154211871622292,0.172925521452712,0.141772426234061,0.137232329551141,0.497610688209534,0,0.176426598504649,0.541113385477761
1,0.896366310609241,0.916855798217795,0.777247444204598,0.62426167630138,0.500728785991669,0.693889235468865,0.75966414440351,0.668139254117936
0,0.179725859799912,0.217896510803828,0.224599644734632,0.169323239688414,0.497883260250092,0.306110764531135,0.199045529808762,0.556591492882181
1,0.684651767324006,0.766654301072093,0.532866829820926,0.700318758293919,0.500166594982147,0.306110764531135,0.89417021520921,0.635128032382324
1,0.572046905990939,0.762355899339162,0.574558739290771,0.615218603583539,0.500238537788391,0.693889235468865,0.75966414440351,0.63962882352259
0,0.296150043922217,0.263445238115537,0.37570422378093,0.334739717147667,0.497943103313446,0.306110764531135,0.319912954043312,0.590532019925169
1,0.65056416262121,0.797578412528678,0.757956784114726,0.68908640025321,0.501815855503082,0.693889235468865,0.75966414440351,0.644022861863733
0,0.156724876492727,0.175312890829142,0.110717174945778,0.132181425331237,0.497610688209534,0,0.176426598504649,0.541081268009345
0,0.415336455260945,0.365084649524584,0.373572452623335,0.480063316397907,0.497901082038879,0.306110764531135,0.522380655504327,0.608682809830405
0,0.536242252237113,0.749153997108263,0.515473520661162,0.596517952686106,0.499358236789703,0.693889235468865,0.677997225132182,0.63962882352259
1,0.410998559192876,0.383252574680251,0.375295574477655,0.332384411194937,0.49898636341095,0.306110764531135,0.319912954043312,0.574526375272891
0,0.246508594841144,0.233337440690869,0.191462097806595,0.191967839772636,0.498454988002777,0,0.176426598504649,0.550465520476936
1,0.689309915494479,0.834491455429095,0.745914012814571,0.783105559787525,0.500099509954453,0.306110764531135,0.677997225132182,0.668806763561885
0,0.175119121322344,0.187254434448881,0.131377595006685,0.147852728663519,0.497610688209534,0,0.176426598504649,0.543986397039561
0,0.135874855645547,0.16401971664792,0.123750029596838,0.125506593262095,0.497610688209534,0,0.176426598504649,0.542857249887723
1,0.768526089302244,0.814785240791778,0.7853382734977,0.84824028568478,0.500578850507736,1,0.75966414440351,0.676096956298121
1,0.46613173574027,0.703773535278132,0.356721204558382,0.421257889171631,0.499941229820251,0.306110764531135,0.357495473788246,0.608394535060716
1,0.73720035054655,0.842007846272059,0.826265328122503,0.802512164784522,0.501312971115112,1,0.75966414440351,0.669693956837209
0,0.178201211242247,0.191773960397193,0.133194165804252,0.142347539557407,0.497721016407013,0,0.176426598504649,0.546846975286264
0,0.215866952967089,0.214232490373188,0.137668472066406,0.198588342902751,0.497610688209534,0,0.176426598504649,0.552221715362707
0,0.594672297451629,0.773676251087354,0.582277889231153,0.668017225781047,0.500238537788391,0.693889235468865,0.75966414440351,0.641770768947431
0,0.348600266043437,0.259175302236877,0.280496718352467,0.358863605133033,0.497955799102783,0.306110764531135,0.202951100876261,0.581550318240923
1,0.627565404271489,0.788839191445012,0.707336485178944,0.699922540372971,0.500353574752808,1,0.75966414440351,0.648773413582809
1,0.266825405378132,0.27348027234897,0.47015433266311,0.35805627376276,0.499560415744781,0.306110764531135,0.525701174736548,0.591283181828603
1,0.225614921561325,0.241072584519103,0.346577495543399,0.260450883206985,0.498053431510925,0.306110764531135,0.89417021520921,0.582223666139102
1,0.280417242845929,0.224445955525359,0.335047418845038,0.226140908822474,0.499068439006805,0.306110764531135,0.796519599121717,0.563759159123702
0,0.215384248955402,0.212118631780683,0.147027320743198,0.192680565526877,0.497610688209534,0,0.176426598504649,0.554119835496556
0,0.19411032225594,0.200322447333366,0.135443363791199,0.155477803755811,0.497610688209534,0,0.176426598504649,0.547842581090977
0,0.202607132759283,0.205724632448868,0.141541135861513,0.169000846498102,0.497610688209534,0,0.176426598504649,0.550509072926871
1,0.406825764700891,0.288356558357276,0.374325670208984,0.506450845279427,0.498243153095245,0.306110764531135,0.199045529808762,0.608687729695067
1,0.378063319503109,0.69592223326688,0.589838968938603,0.372113632733702,0.500512778759003,0.306110764531135,0.619739176127957,0.618465085142093
0,0.312999655047729,0.237389450468539,0.250399848432899,0.258339877878825,0.498048365116119,0.306110764531135,0.202951100876261,0.564601861278008
0,0.715970330041621,0.838063277944321,0.764050409249603,0.756558518678843,0.500225454568863,1,0.75966414440351,0.664387598068088
0,0.855092526267868,0.864805787894659,0.593257873251292,0.746068308331044,0.499355435371399,0.693889235468865,0.446004969163823,0.659786978076181
0,0.655587481450152,0.799189018948191,0.718457814881516,0.734029219179987,0.500353574752808,0.693889235468865,0.75966414440351,0.664549780772822
1,0.137722672161474,0.164002084220343,0.150132598459818,0.133128940838059,0.49770325422287,0,0.176426598504649,0.541018986305086
0,0.262408113689513,0.25648672280781,0.241976036777993,0.235701093776205,0.497896552085876,0,0.176426598504649,0.564664671823024
0,0.57115916361759,0.40476455698707,0.593648273521629,0.630138445819988,0.49977034330368,0,0.199045529808762,0.593790428306297
1,0.520856436377935,0.731542062467647,0.501878856003635,0.464244072949566,0.500187337398529,1,0.696784602692021,0.605419745098767
0,0.201899897741678,0.204530306022242,0.17080062094451,0.160324436330605,0.497763097286224,0,0.176426598504649,0.550465520476936
0,0.464841133918667,0.705088552299156,0.308312589001547,0.405990568776804,0.499941229820251,0.306110764531135,0.150642322364192,0.600777768873686
0,0.360564559486634,0.260527627129844,0.301775620129081,0.33772895598279,0.498048365116119,0.306110764531135,0.202951100876261,0.577910668893962
0,0.1828955102124,0.191964157073066,0.127166330285499,0.145665074212688,0.497610688209534,0,0.176426598504649,0.543232480952794
1,0.712149262128047,0.802533041716802,0.784608837386625,0.811107836651032,0.499942004680634,1,0.677997225132182,0.66517920583596
0,0.684275165487274,0.829029026320872,0.807678186654666,0.748487574200365,0.501591831445694,1,0.75966414440351,0.654998751875215
1,0.341808608568562,0.312270105369047,0.362150872027402,0.454368923779531,0.497901082038879,0,0.65085006751936,0.591434202729673
0,0.231267935347353,0.22139688907217,0.179235091258267,0.206379338414552,0.497610688209534,0,0.176426598504649,0.556700048440677
0,0.486454851023334,0.714392537691825,0.351469330861674,0.426575228178395,0.500056266784668,0.306110764531135,0.504565711671957,0.601802785388564
0,0.183194362606925,0.205225341415563,0.148056676318877,0.178470453692747,0.497721016407013,0,0.176426598504649,0.553432034086146
1,0.550673395799138,0.753725592450571,0.539184720226911,0.577769760555935,0.5000079870224,1,0.446004969163823,0.637261092761284
0,0.632084296127076,0.814220691118115,0.733353658325797,0.709842290829749,0.500358909368515,1,0.446004969163823,0.654956690531681
1,0.576240275346915,0.762459557543156,0.606253844398689,0.6010114009415,0.500353574752808,1,0.75966414440351,0.638344173865954
1,0.834490664806458,0.858839253424953,0.766279317954592,0.81376163889789,0.499917328357697,1,0.677997225132182,0.665997484613016
1,0.501512873774988,0.720444016856019,0.520948181224686,0.455379734129596,0.500187337398529,1,0.696784602692021,0.627659714841784
0,0.105760437466768,0.170971326852554,0.11532742880848,0.109164495673649,0.497610688209534,0,0.176426598504649,0.546178452550664
1,0.754417040393765,0.808459350897683,0.744782992834108,0.830775418397124,0.50052884221077,0.693889235468865,0.75966414440351,0.667806147727186
0,0.243268670173082,0.226879817727319,0.181972236482078,0.205638161686893,0.498575150966644,0,0.176426598504649,0.554119835496556
1,0.610156447327521,0.782174466062108,0.620001584466091,0.718953138370083,0.5000079870224,0.693889235468865,0.75966414440351,0.660523511905844
0,0.355001696201485,0.263085433161365,0.285033939968887,0.354129129576396,0.497955799102783,0.306110764531135,0.202951100876261,0.582286369728251
0,0.122085308570611,0.183326841953437,0.158859140099567,0.129728933543595,0.497896552085876,0,0.176426598504649,0.548455149249742
1,0.269896810115131,0.278777519735792,0.462930114469272,0.406431658788551,0.498755156993866,0.306110764531135,0.522380655504327,0.60094017303638
0,0.113899484114062,0.183316934923015,0.125310918111835,0.108133386206478,0.497721016407013,0,0.176426598504649,0.539592655260758
0,0.170393790281058,0.193512787581183,0.20713108305878,0.163092470716327,0.498245239257812,0,0.176426598504649,0.546709567208606
1,0.388058047133541,0.27908096784174,0.371805871035518,0.338312936253855,0.498801112174988,0.306110764531135,0.796519599121717,0.569299539055499
1,0.65779662024652,0.804195063976855,0.72928392499679,0.752393412735711,0.500353574752808,1,0.75966414440351,0.661975619168607
1,0.345879117189234,0.293877658015518,0.453420111391528,0.454677940539114,0.497790694236755,0.306110764531135,0.522380655504327,0.604801260365074
0,0.127134104051484,0.159168501524243,0.105674638064262,0.116324354152199,0.497721016407013,0,0.176426598504649,0.541472570773375
0,0.226027132593497,0.220024121617058,0.197866257402401,0.190752819715656,0.497610688209534,0,0.176426598504649,0.557395276701727
1,0.182619512338647,0.189485514146617,0.186818692554076,0.153509506644711,0.49770325422287,0,0.176426598504649,0.541147997606526
1,0.607242714204449,0.771348564644195,0.760651468463409,0.512105213856321,0.50141778588295,1,0.696784602692021,0.615317268937011
1,0.31547055878816,0.298034536717235,0.343871720540182,0.442926319917678,0.497901082038879,0,0.65085006751936,0.591434202729673
0,0.123725224695804,0.160187200231135,0.110356935295666,0.120353586815483,0.497721016407013,0,0.176426598504649,0.543071970730641
0,0.165119292361518,0.181730922908731,0.125207938748584,0.134321556082748,0.497721016407013,0,0.176426598504649,0.542125452286979
0,0.183330333969379,0.199170728456776,0.138139662340385,0.179242830841745,0.497828006744385,0.306110764531135,0.202951100876261,0.552114988448921
0,0.548978440633246,0.373886970815362,0.560970212859227,0.572943077801257,0.498243153095245,0.306110764531135,0.380954521030003,0.618649975261783
1,0.670264060501857,0.809585570427424,0.768548675053347,0.759820530904658,0.500353574752808,1,0.75966414440351,0.665893302124945
1,0.187865696677977,0.2024914718124,0.224702426176034,0.168655241938856,0.498245239257812,0,0.176426598504649,0.54742400021185
0,0.47754661050328,0.713208271987362,0.338980399073673,0.42277200087107,0.49977570772171,0.306110764531135,0.150642322364192,0.608822007817665
0,0.236151324822908,0.224314738874898,0.270000988849143,0.227599568104409,0.497790694236755,0.306110764531135,0.319912954043312,0.570356512097953
0,0.17055257147614,0.183513600805051,0.182981353034575,0.152352349716742,0.49770325422287,0,0.176426598504649,0.543338036469692
1,0.321627563183008,0.299658093223489,0.510116213940801,0.448080807355984,0.498053431510925,1,0.522380655504327,0.618340881750257
0,0.192572238385379,0.194926593861263,0.172816759866559,0.153166755204583,0.49770325422287,0,0.176426598504649,0.542304269741471
1,0.424610747698831,0.351610159118215,0.532116966457634,0.492176295396295,0.497943103313446,1,0.522380655504327,0.619233152155434
0,0.133683207069544,0.16083269391959,0.100459709926391,0.126734436533504,0.497610688209534,0,0.176426598504649,0.540858608753409
0,0.162843565354782,0.211228959201942,0.164397372574163,0.146475412986188,0.49770325422287,0,0.176426598504649,0.547061500827736
1,0.821173352305238,0.881736018360782,0.853094795607943,0.733441073766555,0.501091599464417,1,0.75966414440351,0.668314660920319
1,0.592655701624533,0.770145521331007,0.657893543144381,0.612094345503274,0.500353574752808,1,0.75966414440351,0.638634423778659
1,0.285471217901342,0.22678843429034,0.168138287288674,0.23992381526034,0.497955799102783,0.306110764531135,0.202951100876261,0.56790706937635
0,0.530045353381197,0.762884500352114,0.604585316691322,0.63650025418005,0.5000079870224,1,0.75966414440351,0.653534221082333
0,0.182328412931818,0.19271973200753,0.136106619548991,0.144571097954712,0.497721016407013,0,0.176426598504649,0.543151966618958
0,0.238321071730107,0.227134768756437,0.197866257402401,0.212597628572769,0.497610688209534,0,0.176426598504649,0.560120018465495
1,0.419534574454361,0.703519034601308,0.58181786467089,0.462293250204457,0.500073432922363,1,0.677997225132182,0.631737760770498
0,0.233995263313389,0.224245061500571,0.220504764075572,0.246719716655284,0.497790694236755,0.306110764531135,0.199045529808762,0.566261670753792
0,0.197606064405727,0.200850411563784,0.174083510988592,0.158229485925518,0.497610688209534,0,0.176426598504649,0.548944541655869
0,0.206594484315538,0.204598936066003,0.17539853741455,0.162049605918697,0.497610688209534,0,0.176426598504649,0.545161016571349
0,0.158462185554644,0.17635393110301,0.110717174945778,0.133674485743093,0.497610688209534,0,0.176426598504649,0.540920893753706
1,0.383241165088846,0.656722941961777,0.273532063111011,0.313071301432304,0.499887943267822,0.306110764531135,0.894170215209209,0.597973934557979
1,0.293001037866025,0.636985187150896,0.481886127249787,0.275618797252214,0.50017899274826,0.306110764531135,0.89417021520921,0.616371831656779
0,0.265599680943648,0.240013453412152,0.229177012260284,0.225197016170505,0.498575150966644,0,0.176426598504649,0.559673762661572
0,0.288346362566123,0.259600911592319,0.319563361377426,0.397453379839902,0.497790694236755,0.306110764531135,0.199045529808762,0.583196078021641
1,0.207569694242036,0.209973549922098,0.179896852536038,0.184206308494203,0.497721016407013,0,0.176426598504649,0.554056204005299
1,0.750359946197726,0.853619141992439,0.788305850520211,0.768924205544754,0.500711023807526,1,0.75966414440351,0.667775426359723
1,0.203305988611538,0.201907256955623,0.17878672582423,0.157218741380944,0.49770325422287,0,0.176426598504649,0.547022991260958
1,0.743517498142751,0.85420557709165,0.758283778410766,0.739460521864166,0.500099509954453,1,0.677997225132182,0.667775426359723
0,0.135160108510975,0.190353663466987,0.125185904244957,0.121651033878848,0.497721016407013,0,0.176426598504649,0.541782289168916
1,0.450321763737704,0.7074296516289,0.305738845712727,0.430500098136368,0.499060928821564,0.306110764531135,0.142426576157383,0.611400199677387
1,0.486008892311483,0.714842485401498,0.42524146106628,0.414866463603129,0.500121265649796,0.306110764531135,0.504565711671957,0.608138646325213
0,0.272374170650758,0.259049772345861,0.380556741805918,0.313587688920915,0.498186945915222,0.306110764531135,0.319912954043312,0.585088134234239
0,0.164008866008435,0.179447856694907,0.118085379647975,0.140348065804604,0.497610688209534,0,0.176426598504649,0.541487978249779
0,0.233698554568191,0.203199824523228,0.168396030154325,0.190524759839596,0.498066127300262,0.306110764531135,0.202951100876261,0.562530453447771
0,0.215000885076259,0.23330793028302,0.336236725563139,0.295862001681606,0.498262345790863,0,0.199045529808762,0.567658938357452
0,0.20387614098168,0.202844140950379,0.193169396085254,0.158157011667614,0.498575150966644,0,0.176426598504649,0.542640864033433
1,0.709938993046896,0.780800892988679,0.68265075347323,0.806427492178619,0.500233292579651,0.693889235468865,0.75966414440351,0.661921643949034
0,0.177677671464642,0.19071745536051,0.119023830528724,0.139733352854737,0.497610688209534,0,0.176426598504649,0.544506795281042
1,0.62942197684098,0.780637381981525,0.772883511425059,0.678446540812441,0.50148344039917,0.693889235468865,0.75966414440351,0.655841597941484
0,0.692819400706858,0.767862131358425,0.59936959278558,0.626747750234346,0.500412613153458,1,0.696784602692021,0.622625270964271
0,0.46616021639203,0.703416480587779,0.335513341699098,0.408969273079571,0.500056266784668,0.306110764531135,0.150642322364192,0.597458887783519
0,0.420836571251818,0.689877001605124,0.292907502868226,0.389871791103169,0.499060928821564,0.306110764531135,0.142426576157383,0.604302930786803
0,0.109702621898127,0.151479690068811,0.102009568081422,0.108096138049065,0.497721016407013,0,0.176426598504649,0.541085717277506
0,0.154125499125047,0.174595765579113,0.123750029596838,0.131264734950723,0.497610688209534,0,0.176426598504649,0.541368578343133
0,0.217113907671441,0.213054404109304,0.183442673377834,0.172396665035073,0.497610688209534,0,0.176426598504649,0.551831780052244
1,0.468766043150706,0.397204712564994,0.499074759552525,0.497419506940047,0.498076617717743,1,0.522380655504327,0.619135905482409
0,0.218919476913586,0.195591010090662,0.131584789800881,0.178678320542902,0.497955799102783,0.306110764531135,0.202951100876261,0.564264272634402
0,0.376750700060405,0.663969177527117,0.214174054541298,0.347477081266938,0.499060928821564,0.306110764531135,0.142426576157383,0.607115775758881
1,0.344370529083094,0.272067747891767,0.306031918776344,0.308414489574728,0.49835205078125,0.306110764531135,0.202951100876261,0.577691325932198
0,0.595157673607063,0.774086680454686,0.625914694740699,0.607500267675372,0.500418543815613,1,0.75966414440351,0.641259012815252
1,0.490050081224768,0.739191832124364,0.615850995961497,0.483275956106121,0.500484585762024,1,0.75966414440351,0.63068760825335
0,0.216897607928451,0.21018720657976,0.226822391897225,0.168025056602808,0.49770325422287,0,0.176426598504649,0.549782247355261
0,0.83360052688588,0.86022310793213,0.797899199699927,0.830375785095268,0.501030474901199,1,0.75966414440351,0.639599956100834
0,0.221143320231228,0.25757430396537,0.385561503886598,0.254335401355874,0.499560415744781,0.306110764531135,0.202951100876261,0.579637199401181
1,0.480308514815306,0.396456205642343,0.52821088197366,0.507207124411339,0.498183488845825,1,0.522380655504327,0.616653891659513
1,0.771325664825445,0.861386295907359,0.637349155358723,0.650619042798,0.499358236789703,1,0.677997225132182,0.659807262997839
1,0.278633458400016,0.255793560031671,0.337116053987852,0.372856460980399,0.497790694236755,0.306110764531135,0.319912954043312,0.592587978890968
1,0.243832089858048,0.228019354798575,0.256291075828281,0.242103442046979,0.497790694236755,0.306110764531135,0.319912954043312,0.572329505324447
0,0.783326051751521,0.862826411367552,0.82207382499405,0.813925723091489,0.50176477432251,1,0.75966414440351,0.666989537620168
1,0.767023168492194,0.813787501947978,0.725676542408321,0.846712014025206,0.500463843345642,1,0.75966414440351,0.677956861235728
0,0.234404022109403,0.22084032169243,0.187927748898326,0.20410479040304,0.497610688209534,0,0.176426598504649,0.555522540787114
0,0.489119719388464,0.717180190768141,0.376351977304323,0.443567119278799,0.499941229820251,0.306110764531135,0.357495473788246,0.60531455370796
0,0.171997607001667,0.194819819014204,0.166260605976636,0.144044170286475,0.498006939888,0,0.176426598504649,0.549882623609095
0,0.165372676530472,0.180823475386908,0.140608285365073,0.138634588629617,0.49770325422287,0,0.176426598504649,0.541186805908485
0,0.0899821068567715,0.159190797509083,0.110803721251373,0.104647541667468,0.497721016407013,0,0.176426598504649,0.540475985509345
0,0.376198733407733,0.329854022925825,0.334127839899506,0.327373163335527,0.499572694301605,0.306110764531135,0.319912954043312,0.580783416462787
1,0.34293034955487,0.332878721279186,0.38536744561258,0.430479123906977,0.498432576656342,0.306110764531135,0.319912954043312,0.601009326143188
1,0.815870844303509,0.908593031034842,0.872148344598678,0.839476013953811,0.502109527587891,1,0.75966414440351,0.672276336764167
0,0.713996812831899,0.834487614240837,0.714174029116631,0.740143536052524,0.500238537788391,1,0.75966414440351,0.660927958534738
1,0.35124640330735,0.305751070366826,0.393684701440538,0.460671164737811,0.497790694236755,0.306110764531135,0.65085006751936,0.600576519020721
1,0.358325604533969,0.33604520819851,0.408150461784697,0.46286555174899,0.498432576656342,1,0.522380655504327,0.60714567250101
0,0.55000824646789,0.749441210179068,0.571184414176836,0.482911141886356,0.500404745340347,1,0.696784602692021,0.622011887292303
0,0.295924727702272,0.234410697865568,0.225674342531867,0.245619332417804,0.497955799102783,0.306110764531135,0.202951100876261,0.569687936223602
0,0.245931408522897,0.229306950695943,0.242324822872313,0.188642512941941,0.498307764530182,0,0.176426598504649,0.549613131415189
0,0.185803874457747,0.193549891829232,0.120294945055862,0.145284482936404,0.497610688209534,0,0.176426598504649,0.545493686386276
1,0.478567464125454,0.711763961092744,0.36015780109692,0.432279203759831,0.499941229820251,0.306110764531135,0.357495473788246,0.60531455370796
1,0.155143150606468,0.173359419055285,0.117166834755876,0.134456137310107,0.497610688209534,0,0.176426598504649,0.540759671854208
0,0.223111357589831,0.219910959215642,0.190732341810488,0.2035905851401,0.497721016407013,0,0.176426598504649,0.557822169498336
0,0.142036487734764,0.169687323473429,0.147408285019318,0.140207172470557,0.497763097286224,0,0.176426598504649,0.544641180899738
0,0.0905210161970478,0.156086458390055,0.120619245090972,0.114983978890092,0.49770325422287,0,0.176426598504649,0.540560539443267
0,0.199109610060926,0.202774158898805,0.157234785788232,0.159947355756362,0.497610688209534,0,0.176426598504649,0.550003706079442
1,0.449477099996354,0.693465994610673,0.335513341699098,0.386013045372425,0.500056266784668,0.306110764531135,0.504565711671957,0.596835423990814
0,0.270904842275984,0.222483901493254,0.166939324002899,0.220407233511613,0.497955799102783,0.306110764531135,0.202951100876261,0.569777995573672
0,0.136903143267429,0.164252131687828,0.114117482385619,0.132711603593759,0.497610688209534,0,0.176426598504649,0.542622542485204
1,0.597690919382006,0.775963444662756,0.602434796473541,0.66081905176403,0.500238537788391,0.693889235468865,0.75966414440351,0.64084059833807
0,0.19266720215898,0.199651156477267,0.141316942972212,0.152440097601064,0.497610688209534,0,0.176426598504649,0.545440730315813
0,0.17143204362279,0.184737178194663,0.119023830528724,0.136285558020512,0.497610688209534,0,0.176426598504649,0.542213956492065
1,0.659879263813783,0.75595882764523,0.522080659925715,0.532640901689136,0.500153481960297,0.306110764531135,0.619739176127957,0.629200154045349
0,0.482322166645958,0.381614390622271,0.496700634324571,0.514718055888527,0.498487830162048,0.306110764531135,0.522380655504327,0.608682809830405
0,0.403144193740331,0.285252872420689,0.30900706582108,0.477395093309368,0.497955799102783,0.306110764531135,0.525701174736548,0.599857859384345
1,0.241427338367966,0.226631384424202,0.256291075828281,0.239889874750865,0.497790694236755,0.306110764531135,0.319912954043312,0.572141542146027
0,0.310473703663516,0.276577423803857,0.402857625738669,0.44642163164009,0.498225748538971,0.306110764531135,0.380954521030003,0.598361876130797
1,0.335209227679672,0.259709232471677,0.304141972553667,0.399697112902251,0.498066127300262,0.306110764531135,0.525701174736548,0.591702231317227
0,0.451409627532199,0.374270443186341,0.564401236288583,0.506861604689467,0.498425245285034,1,0.522380655504327,0.615358955153934
0,0.108860713751723,0.171596980003327,0.209824026502578,0.132507310656697,0.498307764530182,0,0.176426598504649,0.540949038370298
1,0.623859627751607,0.798223519744315,0.770358364296377,0.686770574903184,0.50148344039917,1,0.75966414440351,0.656287370353879
0,0.0888668006557958,0.153810767554701,0.0896328620785873,0.1074600651523,0.497610688209534,0,0.176426598504649,0.541312385589721
0,0.735897586122664,0.843276294476362,0.710511322557076,0.717394787090726,0.500238537788391,1,0.75966414440351,0.658464674927971
0,0.153646285598793,0.203547939835983,0.173773242244376,0.134626870500763,0.497610688209534,0,0.176426598504649,0.54853455677239
0,0.174105903232928,0.213497856059016,0.207726442605264,0.150657545441371,0.49770325422287,0,0.176426598504649,0.547843261686555
0,0.535782672573173,0.742233975966255,0.426784740314947,0.524374797281518,0.499941229820251,0.306110764531135,0.357495473788246,0.624911857154862
0,0.16750441542325,0.182216037666766,0.268199777116731,0.149086047459831,0.498575150966644,0,0.176426598504649,0.541367630151718
0,0.255362478994528,0.234263548265677,0.231722381655407,0.242076124493285,0.497883260250092,0.306110764531135,0.199045529808762,0.566261670753792
0,0.130724406378419,0.171278830043857,0.105094347079066,0.109457317223813,0.497721016407013,0,0.176426598504649,0.545111111883649
1,0.172668622250816,0.213716459205962,0.244915172693176,0.169819315456977,0.497790694236755,0.306110764531135,0.319912954043312,0.562268939677785
0,0.642496091364963,0.836433054803488,0.663969295288935,0.554376974704721,0.500317126512527,0.693889235468865,0.677997225132182,0.653134299552899
0,0.189588150122521,0.197057032613174,0.134036570054025,0.150478166232772,0.497610688209534,0,0.176426598504649,0.54637927278244
0,0.527970487930925,0.361238117691131,0.475169200002533,0.558064846247445,0.498335719108582,0,0.183468435370571,0.600448397294574
1,0.654767680473396,0.815291167229863,0.777221536222785,0.706836905062432,0.500484585762024,1,0.75966414440351,0.660906999489194
0,0.215311004611473,0.210429048992286,0.176383840602748,0.170339727091042,0.497610688209534,0,0.176426598504649,0.550601335309535
0,0.757102634864649,0.855375071817935,0.610098035684509,0.676873873452891,0.499358236789703,1,0.446004969163823,0.658141195416416
1,0.844424404321591,0.91708627790018,0.778450847272918,0.796176834860492,0.50056454539299,1,0.75966414440351,0.665207842217987
0,0.133733415802452,0.163777002103997,0.104327107335446,0.119049878259349,0.497610688209534,0,0.176426598504649,0.543766397192699
0,0.553837046296238,0.757448134509219,0.563282768013481,0.529396853945445,0.500061631202698,0.306110764531135,0.619739176127957,0.631461539655188
0,0.304822499951681,0.238782202192841,0.24002406028698,0.253378930995671,0.498048365116119,0.306110764531135,0.202951100876261,0.57021298553502
0,0.233262731664342,0.223503637247169,0.17454078395759,0.217231228105029,0.497610688209534,0,0.176426598504649,0.558934385673687
1,0.153678996210862,0.173216726091544,0.147280644900766,0.142511853748022,0.497610688209534,0,0.176426598504649,0.54201788429879
0,0.16469813857604,0.179252230991966,0.123750029596838,0.138286839289191,0.497610688209534,0,0.176426598504649,0.540830538658226
0,0.141910687173176,0.169079847428242,0.104327107335446,0.122761132966136,0.497610688209534,0,0.176426598504649,0.545371222239508
1,0.544325069890169,0.749424477901227,0.51630602583961,0.582949628918704,0.5000079870224,1,0.446004969163823,0.638707999142549
1,0.475543253824084,0.327904125808132,0.471770230475575,0.561604751950982,0.498243153095245,0.306110764531135,0.380954521030003,0.609147056995521
1,0.248383082352481,0.233586992899243,0.224583626632442,0.219435017924481,0.497763097286224,0,0.176426598504649,0.566857364265165
0,0.165839027421496,0.183440894722618,0.233788707468991,0.143050868099846,0.498575150966644,0,0.176426598504649,0.54191343920697
0,0.17078522877939,0.182265266872403,0.164244200212249,0.145636593112887,0.49770325422287,0,0.176426598504649,0.540719613550831
0,0.167838770758024,0.181127122866624,0.117166834755876,0.137431071141041,0.497610688209534,0,0.176426598504649,0.542403950902236
1,0.781712740755349,0.858311534200857,0.738758863512279,0.697939282473767,0.500484585762024,0.693889235468865,0.75966414440351,0.659810099970205
0,0.151324252682431,0.172987851002144,0.117881573423791,0.135203955701256,0.497610688209534,0,0.176426598504649,0.542733527074649
0,0.166762994314909,0.184337475595901,0.133194165804252,0.133757457490077,0.497721016407013,0,0.176426598504649,0.542464569499224
0,0.165867272132467,0.179825948522423,0.118085379647975,0.139749153422368,0.497610688209534,0,0.176426598504649,0.541147997606526
0,0.284598362914929,0.252048567373807,0.369702033298398,0.312544807875695,0.498755156993866,0.306110764531135,0.199045529808762,0.574956584777887
0,0.35219921504471,0.298183870600173,0.43553902574985,0.461355143518727,0.497790694236755,0.306110764531135,0.522380655504327,0.60322228110373
0,0.153364438489892,0.172293199713405,0.117166834755876,0.134866202049929,0.497610688209534,0,0.176426598504649,0.5405992806331
1,0.670939597516205,0.815114159107521,0.711913560982448,0.752890503168218,0.5000079870224,1,0.75966414440351,0.667907243430912
1,0.564843444954669,0.562200491432438,0.586706008934257,0.516062714517793,0.499137759208679,0.693889235468865,0.522380655504327,0.613830709460611
1,0.208081691997301,0.207924689430333,0.157234785788232,0.168892996995654,0.497610688209534,0,0.176426598504649,0.55107301169758
1,0.492801039369685,0.718694190808055,0.370881749183578,0.458533069057185,0.499941229820251,0.306110764531135,0.357495473788246,0.614094642541145
0,0.545244916669054,0.752165547155779,0.470178260967697,0.448824989753886,0.500635653734207,0.306110764531135,0.199045529808762,0.626092363026532
0,0.141585614148305,0.20664803664699,0.217964417319656,0.172098089126289,0.497901082038879,0,0.199045529808762,0.555928730196804
0,0.470604481081457,0.424268724821586,0.402952882803339,0.517752242425537,0.498425245285034,0.693889235468865,0.522380655504327,0.610108263462093
0,0.231431432312169,0.235702983228709,0.224858613132905,0.210939976524431,0.498224318027496,0.306110764531135,0.202951100876261,0.560191009634983
0,0.253677390526245,0.25653356601448,0.235184479086222,0.20138009181889,0.498245239257812,0,0.157841445202657,0.553549112105068
0,0.720893825892116,0.788608795711933,0.584344001679639,0.754478567051067,0.500166594982147,0.306110764531135,0.109336398888744,0.638262926828721
1,0.570839431845595,0.771666178395684,0.650354202278592,0.526963665862993,0.50079682469368,1,0.75966414440351,0.640785430874009
1,0.482623723923494,0.841346367580358,0.330927450634174,0.430697039831939,0.500578224658966,0.306110764531135,0.894170215209209,0.631493966632198
0,0.121364670793358,0.183276166649437,0.126284176732801,0.113125961410144,0.497721016407013,0,0.176426598504649,0.540219522909303
1,0.536486197444333,0.760018076563556,0.480404223842269,0.551351028800238,0.499802231788635,0.306110764531135,0.619739176127957,0.643205760653471
1,0.504790981716623,0.729781358365244,0.422040785034332,0.438319054642394,0.500292122364044,0.306110764531135,0.619739176127957,0.623176926767074
1,0.251298898883057,0.214345671459155,0.167255608878667,0.204402690252872,0.498066127300262,0.306110764531135,0.202951100876261,0.56918823133254
0,0.167554497937425,0.216117285924447,0.180378026450694,0.164504015989246,0.497721016407013,0,0.176426598504649,0.553671927539714
1,0.106548507847676,0.179243248959597,0.147270651113423,0.0947040487981296,0.498926997184753,0,0.176426598504649,0.541150274389233
0,0.188799161332114,0.209767394008467,0.183705933460985,0.195810663838662,0.498220801353455,0.306110764531135,0.202951100876261,0.557054663669018
0,0.837610288180721,0.854242770664416,0.835869786125969,0.870182474325147,0.500996261835098,1,0.75966414440351,0.672916470491218
0,0.306347504633817,0.272137541586313,0.281832496630221,0.344609649518166,0.498487830162048,0,0.199045529808762,0.573191301647311
0,0.201380835521428,0.204239291252756,0.168781539617021,0.167471852627307,0.497610688209534,0,0.176426598504649,0.552505330369451
0,0.242196150994357,0.205228235782202,0.167526409886478,0.1964582120505,0.497955799102783,0.306110764531135,0.202951100876261,0.563821854289784
1,0.281214948275098,0.232514234960375,0.36687783987819,0.225430084474798,0.498801112174988,0.306110764531135,0.796519599121717,0.569632191561319
0,0.221198045780115,0.220115235564086,0.233071434880447,0.17687599743467,0.497896552085876,0,0.176426598504649,0.555804527102329
0,0.273059178768613,0.244609474465862,0.293801080998216,0.248827068270457,0.497883260250092,0.306110764531135,0.319912954043312,0.573728072792465
0,0.238892549982297,0.252263092013914,0.194935509939241,0.19377953508001,0.498006939888,0,0.157841445202657,0.557144568865164
0,0.301251156079504,0.261808117313997,0.376821518475757,0.314720325115464,0.498487830162048,0.306110764531135,0.319912954043312,0.579543320963011
1,0.373838403531885,0.68699050410691,0.339195938884239,0.397316404905844,0.499680638313293,0.306110764531135,0.619739176127957,0.633806115760757
0,0.348857568471566,0.292348716717892,0.374357676219469,0.418640228415506,0.498487830162048,0.306110764531135,0.319912954043312,0.59443585704415
0,0.242652602339848,0.267494071886739,0.186568861702221,0.246624260919631,0.498576760292053,0.306110764531135,0.202951100876261,0.55536464399104
1,0.806577285612752,0.843696096067006,0.747385864475121,0.817907549791475,0.499583542346954,1,0.677997225132182,0.671589922901819
1,0.760672131135674,0.855322620772553,0.798295930385936,0.812878144565963,0.500932902097702,1,0.75966414440351,0.66933171713835
1,0.287766596468349,0.264718975889978,0.331173656390831,0.415309221680747,0.497790694236755,0,0.65085006751936,0.58819944377114
1,0.808125275871946,0.882282588289382,0.70031712970271,0.686514137746942,0.500099509954453,1,0.677997225132182,0.667858827030337
0,0.310633997321193,0.281578784384668,0.388043632010811,0.308557955700414,0.498425245285034,0.306110764531135,0.319912954043312,0.580783416462787
0,0.221600229716543,0.216650865282004,0.170026794240062,0.193293105054056,0.497610688209534,0,0.176426598504649,0.555044850847337
0,0.122298219358921,0.157627917408657,0.106867670018476,0.118903361175334,0.497721016407013,0,0.176426598504649,0.54201788429879
0,0.146136342727271,0.193676313053076,0.156064337993508,0.131516784421004,0.497610688209534,0,0.176426598504649,0.540799963253263
1,0.831148520326394,0.889417103324405,0.737802309754191,0.669489707443197,0.500385344028473,1,0.75966414440351,0.668190738937298
0,0.220954477508789,0.211911539682266,0.228123982289326,0.171832293265066,0.49770325422287,0,0.176426598504649,0.549796493886477
0,0.326643825352032,0.244251228325099,0.252617607702043,0.284753284529411,0.497955799102783,0.306110764531135,0.202951100876261,0.569948387334272
0,0.347706677627276,0.305509891402097,0.517821015990634,0.457241955524476,0.498183488845825,1,0.522380655504327,0.609601338499733
0,0.300331671927882,0.272241758986425,0.383968841709615,0.425777565999305,0.497901082038879,0.306110764531135,0.522380655504327,0.598673683953723
1,0.80338454969415,0.874567345533592,0.621614908482818,0.653986999699291,0.499803900718689,1,0.75966414440351,0.657630795475785
0,0.303255922447349,0.241106949179096,0.229076214150476,0.2686626291974,0.498066127300262,0.306110764531135,0.202951100876261,0.572197392957175
1,0.718317262334109,0.781250368406554,0.794568684542464,0.654400097385827,0.501826971769333,1,0.696784602692021,0.628827388193073
1,0.668879960286348,0.813140988762838,0.754761671960664,0.762356446893909,0.500570952892303,1,0.75966414440351,0.661906979206543
0,0.561785326351208,0.751396324873689,0.554140806633039,0.526300613826197,0.500408679246902,1,0.696784602692021,0.615467534192527
0,0.186450476572661,0.196102818298503,0.158738615509839,0.149304926529456,0.497721016407013,0,0.176426598504649,0.548406642014917
0,0.193660037335419,0.196079819175343,0.158465000856625,0.15204293582707,0.497610688209534,0,0.176426598504649,0.542531268014442
0,0.103823775361022,0.145979491797917,0.0966955934373745,0.111416939693735,0.497721016407013,0,0.176426598504649,0.540934445090987
0,0.191384484063601,0.225003304984226,0.252509171265122,0.19441904533229,0.497790694236755,0.306110764531135,0.319912954043312,0.565599748529429
1,0.131130405576065,0.163369493262949,0.123750029596838,0.119590527561527,0.497610688209534,0,0.176426598504649,0.547432009110647
1,0.959959795209527,0.933375596669729,0.612431200211925,0.659341401266868,0.500481307506561,0.693889235468865,0.75966414440351,0.652777468422871
0,0.117750228172454,0.173988623686436,0.154702252568182,0.127346387817343,0.49770325422287,0,0.176426598504649,0.540490302454442
1,0.792686756585427,0.870147360268476,0.686373742610616,0.659662983587155,0.499803900718689,1,0.75966414440351,0.658141195416416
1,0.67835412769255,0.814945992039805,0.731206575253159,0.752370814772586,0.500353574752808,1,0.75966414440351,0.668101378319622
0,0.17220272145843,0.183393997130074,0.133215137074997,0.140637317477144,0.497610688209534,0,0.176426598504649,0.542149794855303
0,0.780250519498056,0.87019251020672,0.480755826616395,0.608741134119799,0.499868869781494,0.693889235468865,0.75966414440351,0.652794599312429
1,0.483978679122342,0.713497819016654,0.536932511618515,0.464762315164175,0.500417590141296,0.306110764531135,0.89417021520921,0.631595426371615
0,0.145732782975594,0.168390609273943,0.131791757672086,0.133083795781049,0.497610688209534,0,0.176426598504649,0.541136221724136
0,0.265375901981675,0.248794169071426,0.353850598406671,0.277966693652799,0.498076617717743,0.306110764531135,0.319912954043312,0.58214698433697
0,0.170435692333665,0.221365830190746,0.174988683569728,0.146611466284645,0.498003482818604,0,0.176426598504649,0.546511179929893
1,0.254672602431155,0.253285805645082,0.224858701421501,0.215828322257079,0.497896552085876,0,0.745767323256788,0.563757790707818
1,0.682573385726234,0.818921168930986,0.628504545907201,0.723351426869857,0.5000079870224,1,0.446004969163823,0.662967092931795
1,0.758629642527241,0.853880224512227,0.801270825947161,0.815286989915691,0.501063942909241,1,0.75966414440351,0.66933171713835
0,0.856501308583585,0.869880773984759,0.723781442029271,0.805704705367441,0.500233292579651,1,0.75966414440351,0.663104678641479
1,0.684484178357658,0.842455998096454,0.701275391805695,0.601707331750658,0.499640285968781,1,0.677997225132182,0.651831048691979
1,0.209068395475575,0.243257152135059,0.330979126160148,0.322556106395453,0.497790694236755,0.306110764531135,0.319912954043312,0.592532906704295
1,0.854757531682364,0.917659246282506,0.781341559088449,0.710793235649685,0.500494122505188,1,0.75966414440351,0.665833795895701
0,0.225833329054484,0.205453324522839,0.192221268620655,0.18549892190749,0.498218536376953,0.306110764531135,0.202951100876261,0.56566458295475
1,0.722899199281675,0.837418643076589,0.748901098303646,0.747153445944265,0.500353574752808,1,0.75966414440351,0.660927958534738
0,0.179712262900037,0.187879246469789,0.139670299281633,0.149187628012476,0.497610688209534,0,0.176426598504649,0.541849540317426
0,0.247420994675276,0.242714785654626,0.230449423222925,0.215950320632003,0.497896552085876,0,0.176426598504649,0.561566723477636
0,0.317861339984924,0.239609819642801,0.225273967448561,0.269184860919449,0.497955799102783,0.306110764531135,0.202951100876261,0.568760705973574
0,0.261454337773475,0.433317255782427,0.603126609900988,0.427548604747924,0.500128239393234,1,0.522380655504327,0.614308581803686
0,0.861687587894683,0.920966833348851,0.683883675069721,0.757049326911498,0.499914765357971,1,0.446004969163823,0.665207842217987
1,0.363622851753653,0.373574676214478,0.45843952701826,0.404195530744001,0.49898636341095,0.306110764531135,0.319912954043312,0.598629549244794
0,0.235118381847768,0.233964859086203,0.225239933122977,0.190870723407196,0.497896552085876,0,0.176426598504649,0.556794934395561
1,0.347475300769016,0.254401838689784,0.261390146964371,0.326356392402953,0.497955799102783,0.306110764531135,0.202951100876261,0.578491140451354
1,0.413926274393568,0.30066591647104,0.512228927563691,0.517812403507427,0.498505890369415,0.306110764531135,0.800162601594983,0.629887566146088
0,0.217540894475822,0.227150126957587,0.245415330118156,0.184591082183372,0.498006939888,0,0.176426598504649,0.559583985617723
0,0.114871442490026,0.174637992041054,0.12405827378043,0.118111536546776,0.497721016407013,0,0.176426598504649,0.542080708633719
1,0.477028481999897,0.708003351064998,0.4318348378268,0.427463712649607,0.500056266784668,0.306110764531135,0.357495473788246,0.620877161252877
1,0.244299791861565,0.23071018837477,0.313010132203933,0.191193214653777,0.498245239257812,0,0.176426598504649,0.555804527102329
0,0.198868588956122,0.20712743753064,0.201644763517285,0.196739460894491,0.497920632362366,0.306110764531135,0.202951100876261,0.552734741650613
0,0.197396103007086,0.200264911979554,0.164667802557685,0.157557277503512,0.497610688209534,0,0.176426598504649,0.549606420776955
0,0.170275728762836,0.219439934147702,0.182859135781549,0.157889627438157,0.498083651065826,0,0.176426598504649,0.558272346132496
1,0.840070543917715,0.866192174729621,0.772539387262543,0.741412439682489,0.500456511974335,1,0.75966414440351,0.648720343636944
0,0.452769906817387,0.311986459639778,0.514020854777608,0.525538096249946,0.49908846616745,0.306110764531135,0.800162601594983,0.610089553531365
0,0.105740892301839,0.148652107490629,0.0809442229151345,0.105187974653043,0.497610688209534,0,0.176426598504649,0.547568649992397
0,0.381106791908103,0.27860213651945,0.382688823978371,0.346457789914747,0.498348593711853,0.306110764531135,0.202951100876261,0.577038656951562
0,0.412496968763303,0.674000629426215,0.304123209849191,0.361170328682215,0.499710738658905,0.306110764531135,0.150642322364192,0.597685062112995
0,0.139056822558632,0.175519736353715,0.110989633747419,0.114034634235288,0.497721016407013,0,0.176426598504649,0.544619057394141
1,0.1962261814679,0.23235583331217,0.301487111124757,0.22785194767313,0.497790694236755,0.306110764531135,0.319912954043312,0.576015328244386
0,0.214990230573309,0.210456785520113,0.165888763603107,0.172741666394209,0.497610688209534,0,0.176426598504649,0.55107301169758
0,0.29550692320026,0.694617114061098,0.614591754341674,0.384216451284801,0.500187456607819,0.693889235468865,0.677997225132182,0.634471928779978
1,0.705701205266058,0.879244138939528,0.729672159746939,0.735677359018968,0.500698238611221,0.693889235468865,0.75966414440351,0.664124675315921
0,0.196288168079175,0.197530275797564,0.156478855153829,0.156482040116299,0.497610688209534,0,0.176426598504649,0.543232480952794
0,0.472939107392184,0.714009015298126,0.335718007610763,0.44983297356544,0.499060928821564,0.306110764531135,0.142426576157383,0.61205356109264
0,0.371959347520283,0.266763299180267,0.333078561509117,0.383372538285096,0.497955799102783,0.306110764531135,0.525701174736548,0.586095209089643
0,0.142663448989718,0.168376822486179,0.123056456661076,0.123939567343358,0.497721016407013,0,0.176426598504649,0.541245295761007
0,0.325085114046622,0.248502321092287,0.264614353208964,0.291983716401167,0.498048365116119,0.306110764531135,0.202951100876261,0.573210912635883
1,0.523709924190176,0.367132509214039,0.452520744632913,0.541549587259367,0.498353481292725,0.306110764531135,0.380954521030003,0.609530352781301
1,0.482971378616543,0.401059601158107,0.525901181805552,0.502012294005785,0.498183488845825,1,0.522380655504327,0.619135905482409
0,0.0965363813908092,0.163121789062101,0.0916213025320747,0.102825136567345,0.497610688209534,0,0.176426598504649,0.544338914836417
0,0.164591241869853,0.191879262614563,0.165662433311872,0.147768487269796,0.498006939888,0,0.176426598504649,0.54742400021185
0,0.48729559562575,0.444192034431754,0.435759349238767,0.497610002443688,0.498053431510925,0.693889235468865,0.522380655504327,0.618757594716096
0,0.228142757008178,0.23153956929532,0.277146376856811,0.310579642107942,0.497901082038879,0,0.199045529808762,0.568494814605689
0,0.414535986164305,0.325984145274199,0.479372315926449,0.530410427257011,0.498115360736847,0.306110764531135,0.380954521030003,0.60783180455224
0,0.218838632208397,0.216491262957273,0.187919928922683,0.186317498192988,0.497610688209534,0,0.176426598504649,0.556948443155932
0,0.149714758221623,0.199383462144348,0.132090182495661,0.134115933658653,0.497610688209534,0,0.176426598504649,0.545536857099125
0,0.573170105737785,0.785185763156774,0.718436326211006,0.668142507454446,0.500455915927887,1,0.75966414440351,0.653290480474195
0,0.344545713530209,0.365942642599715,0.415859291618422,0.457469594617265,0.499107003211975,0.306110764531135,0.522380655504327,0.608682809830405
0,0.18774308902206,0.196246805183892,0.18610321123078,0.161016859574098,0.497763097286224,0,0.176426598504649,0.547587053479643
1,0.495700052931378,0.749184904253594,0.537011868364379,0.583758966683349,0.499358236789703,1,0.446004969163823,0.649545640920217
1,0.753724355366149,0.846620190941172,0.81578468943022,0.778670107438295,0.50148344039917,1,0.75966414440351,0.664588933931961
1,0.605840838973611,0.777461451381874,0.670657083666157,0.576325782461153,0.50055393576622,1,0.696784602692021,0.637645001884729
0,0.424190870200848,0.295609955338311,0.424913177926004,0.470070182354998,0.498048365116119,0.306110764531135,0.525701174736548,0.595777847690051
1,0.261489082465523,0.264992451647949,0.210030311845547,0.23846069306157,0.498006939888,0,0.745767323256788,0.567127762092322
0,0.375674126325605,0.6547269404196,0.220053249284045,0.316652284099719,0.499238193035126,0.306110764531135,0.142426576157383,0.597750432430418
0,0.5026297514916,0.425632016390255,0.490916551571444,0.509241886973016,0.498183488845825,1,0.522380655504327,0.614308581803686
1,0.527775476322041,0.768364491870616,0.693059557646673,0.617058290914335,0.499977946281433,1,0.677997225132182,0.647964114388033
1,0.720706587884819,0.835157269338514,0.720385923103229,0.675231400217366,0.50148344039917,0.693889235468865,0.75966414440351,0.662219889282607
1,0.5682293103139,0.448723320979052,0.482362989942628,0.546371862580573,0.499572694301605,1,0.522380655504327,0.619135905482409
0,0.480949308505807,0.71488239779707,0.39134867195504,0.428633051943815,0.499710738658905,0.306110764531135,0.357495473788246,0.603977837561069
0,0.80444162463694,0.847808963632161,0.72968234509254,0.832735917790552,0.500578105449677,1,0.75966414440351,0.639599956100834
0,0.160146835142023,0.216162850102998,0.281395154154087,0.209692113829299,0.497901082038879,0.306110764531135,0.199045529808762,0.566684188651663
0,0.14123090683817,0.167217048678191,0.123779832835826,0.1326327439082,0.497610688209534,0,0.176426598504649,0.542622542485204
0,0.17533101374923,0.196833568256988,0.191798056183788,0.16147124483295,0.498003482818604,0,0.176426598504649,0.548099919854628
0,0.167307527175246,0.184434699477209,0.132998657070605,0.14349669539563,0.497610688209534,0,0.176426598504649,0.546962074842997
0,0.192827950428179,0.197129516580211,0.159505805555302,0.149362223447403,0.49770325422287,0,0.176426598504649,0.543190748505705
1,0.524964201805715,0.759531385284808,0.701203692897956,0.527899142851007,0.500570952892303,1,0.75966414440351,0.638770183404847
1,0.777771483168698,0.86108616805559,0.830643333916865,0.824524200776309,0.501213163137436,0.306110764531135,0.75966414440351,0.66933171713835
0,0.155730298267952,0.199635422342778,0.171007675711333,0.13159423827124,0.498006939888,0,0.176426598504649,0.548774112950724
1,0.445334996630632,0.439296322524537,0.471667266660775,0.48831825722172,0.499107003211975,0,0.522380655504327,0.61388993095888
0,0.441736725412203,0.691423623652547,0.293945100035049,0.378201179409079,0.499941229820251,0.306110764531135,0.150642322364192,0.599504452257581
0,0.54379424185969,0.74478279183698,0.504091287254799,0.486484874246161,0.500187337398529,1,0.696784602692021,0.611969674543871
0,0.198040805526696,0.199340378149523,0.171267674135359,0.154954029832633,0.497610688209534,0,0.176426598504649,0.548742482864541
1,0.230849017289211,0.240558527486112,0.345596468121391,0.288450135474848,0.497901082038879,0.306110764531135,0.89417021520921,0.581478491157692
0,0.682846758152622,0.813497964005934,0.774026878770612,0.765568311683357,0.500484585762024,1,0.75966414440351,0.664950719391443
1,0.697065248652742,0.825993380076703,0.692546421026105,0.734517248149959,0.5000079870224,1,0.75966414440351,0.664683656014195
0,0.549210091944575,0.749275620829239,0.458973722201883,0.525894406433745,0.500056266784668,0.306110764531135,0.357495473788246,0.615402466708652
0,0.0932801714029086,0.148458700597109,0.0918797953550852,0.0948784925858575,0.497721016407013,0,0.176426598504649,0.540858608753409
1,0.626567111147443,0.791355440899036,0.615769182395062,0.569864617125105,0.500766634941101,1,0.696784602692021,0.637506673706053
0,0.10112285819063,0.164531340190259,0.108993210614305,0.118411885337822,0.497610688209534,0,0.176426598504649,0.541976881215582
0,0.768792383935563,0.830254563349963,0.78447804386914,0.819659328430491,0.500456511974335,1,0.446004969163823,0.646960540282584
0,0.397563136551545,0.671315839134741,0.258439783539722,0.350039617499849,0.499060928821564,0.306110764531135,0.142426576157383,0.597973934557979
0,0.107360523044643,0.16753002471724,0.103077262663392,0.111066075929506,0.497610688209534,0,0.176426598504649,0.540691847332956
0,0.251485486414298,0.237981518495036,0.173391920450306,0.213447833410345,0.498307764530182,0,0.176426598504649,0.552951786843111
0,0.203927859236514,0.208718919413493,0.180430696535907,0.163783177935157,0.498003482818604,0,0.176426598504649,0.551502580671991
0,0.116902616495789,0.153544446750027,0.0891189266769513,0.110948491491147,0.497721016407013,0,0.176426598504649,0.54127317061649
0,0.473782846521861,0.333486048944782,0.472365645916197,0.561815024992868,0.498243153095245,0.306110764531135,0.380954521030003,0.614124373645398
0,0.539905252527238,0.369756067455178,0.574432359457663,0.612598720023179,0.498877704143524,1,0.380954521030003,0.619326553829096
0,0.215847581288282,0.223031391309799,0.221809975830834,0.241731645662069,0.497790694236755,0,0.199045529808762,0.558924883555042
1,0.71291611858646,0.856256369845478,0.82117261680954,0.608741093882785,0.501244187355042,1,0.677997225132182,0.653361886359425
0,0.492253246865256,0.719453487973033,0.387195312582613,0.442833306050879,0.499941229820251,0.306110764531135,0.357495473788246,0.605836948223378
0,0.548191368654816,0.77753052781762,0.536950335411653,0.570739738941178,0.500480532646179,0.693889235468865,0.75966414440351,0.642099422625179
1,0.154066100765485,0.207427074006561,0.15552914860032,0.137435858229604,0.49770325422287,0,0.176426598504649,0.547684546614501
0,0.218257633198184,0.222826366718151,0.243182371136382,0.179269297342636,0.498006939888,0,0.176426598504649,0.558139751179436
1,0.687207079425339,0.818581828549339,0.75269855589412,0.763418959837958,0.500353574752808,1,0.75966414440351,0.66761816280794
0,0.112330782496534,0.148985554907254,0.108474051031894,0.117705001292739,0.497610688209534,0,0.176426598504649,0.541018986305086
1,0.516748594220774,0.453086290242377,0.416521788868436,0.524197083026037,0.499827861785889,0.306110764531135,0.183468435370571,0.603517502360727
0,0.595602838694161,0.780792948447191,0.561423131217061,0.680562125075144,0.499692022800446,0.693889235468865,0.446004969163823,0.647456435519741
1,0.710715185540507,0.780785967980978,0.58655366977548,0.744473221070832,0.500281542539597,0.306110764531135,0.89417021520921,0.637751945307283
0,0.191585746637838,0.232225030880649,0.286303993201225,0.255131173553513,0.497901082038879,0.306110764531135,0.319912954043312,0.578586777128457
1,0.28844585209648,0.261461894255613,0.406207543972967,0.265972247256186,0.498425245285034,0.306110764531135,0.319912954043312,0.578137242360542
0,0.146928245539566,0.168631196676397,0.11370777597359,0.130834142610588,0.497610688209534,0,0.176426598504649,0.541113385477761
1,0.863070610760517,0.875193968069164,0.843154197031051,0.846084396635398,0.500814765691757,1,0.75966414440351,0.663160473745737
0,0.553587962800118,0.7493277091728,0.529997696033771,0.524967267822695,0.500056266784668,0.306110764531135,0.357495473788246,0.614884690899768
0,0.491339036309363,0.720369943645263,0.39912841835831,0.451291792246225,0.499710738658905,0.306110764531135,0.357495473788246,0.609588941018897
1,0.190376676330271,0.194062040893858,0.16546264252258,0.155633124247571,0.49770325422287,0,0.176426598504649,0.542741511724397
1,0.119192672377322,0.186137619573055,0.169135122364183,0.109366327298418,0.497610688209534,0,0.176426598504649,0.54617366513568
1,0.151769739283595,0.179704747146828,0.132314380983909,0.128884762224906,0.497721016407013,0,0.176426598504649,0.543537112233151
0,0.32939092799385,0.301764102776921,0.417002931642133,0.414476023659265,0.498183488845825,0.306110764531135,0.319912954043312,0.601009326143188
0,0.1711662117618,0.191580577986616,0.140639093948937,0.139261237289516,0.497721016407013,0,0.176426598504649,0.547144499809073
1,0.366297695217517,0.314522747069658,0.451334768685474,0.46848527000725,0.497790694236755,0.306110764531135,0.522380655504327,0.607302882986595
0,0.529520642925839,0.743926759504189,0.479757388896863,0.57493930819746,0.499358236789703,1,0.677997225132182,0.638707999142549
0,0.151465038660546,0.17208750163151,0.110717174945778,0.131443281311798,0.497610688209534,0,0.176426598504649,0.5405992806331
0,0.640376998109463,0.741160918059533,0.394869217536419,0.541538815474646,0.500166594982147,0.306110764531135,0.150642322364192,0.617048007734696
0,0.182994894238708,0.221801621099912,0.218811997536319,0.150555840137822,0.498307764530182,0,0.176426598504649,0.546213087138551
0,0.480849954635747,0.453514827025846,0.264535004244099,0.520407438656371,0.498183488845825,0.693889235468865,0.522380655504327,0.605239473040379
0,0.472176865014986,0.707735263437142,0.340909982472148,0.429934467221018,0.499941229820251,0.306110764531135,0.357495473788246,0.606607651386019
1,0.24375681246556,0.250027095838635,0.442970856157805,0.189763179030642,0.499647855758667,0,0.176426598504649,0.550193809293322
1,0.231043647764354,0.239370938197099,0.326541921204542,0.312733598403912,0.497901082038879,0.306110764531135,0.89417021520921,0.581632493081655
0,0.197418513020884,0.200771282636643,0.15606560158598,0.158037338084853,0.497610688209534,0,0.176426598504649,0.549796493886477
0,0.886532689843212,0.885435612248465,0.85825622679606,0.844650953649617,0.50189620256424,1,0.75966414440351,0.661552309990393
0,0.22719951760547,0.226979960104791,0.235933843577969,0.262995787485352,0.497790694236755,0,0.199045529808762,0.558924883555042
0,0.182522301677277,0.207520631106398,0.18467177988932,0.156542351591647,0.497721016407013,0,0.176426598504649,0.55297991108538
1,0.213341020872347,0.229418522056335,0.20332689689695,0.170479469627891,0.498006939888,0,0.745767323256788,0.553549112105068
1,0.255837755792756,0.21293820324885,0.187574702049316,0.208525585308109,0.498066127300262,0.306110764531135,0.202951100876261,0.562394720013245
1,0.749819962420192,0.846403235988213,0.733302855754622,0.720759656899728,0.500353574752808,1,0.75966414440351,0.659116342730983
0,0.341078037933366,0.331449892383809,0.260661733250943,0.253721366824357,0.49915623664856,0,0.176426598504649,0.55161982478426
0,0.142339649610488,0.188021060336726,0.171007675711333,0.123313716287764,0.498006939888,0,0.176426598504649,0.54817682835856
0,0.115191450828799,0.165304741896785,0.10100303439765,0.105039114548221,0.497721016407013,0,0.176426598504649,0.540948759884178
1,0.389257354326351,0.282426419030597,0.368815280920134,0.448695942126906,0.497955799102783,0.306110764531135,0.525701174736548,0.599271054110696
0,0.201212968987825,0.20038156860564,0.196292770426575,0.159992562133401,0.49770325422287,0,0.176426598504649,0.542852819983347
1,0.110901818497403,0.15167178756014,0.0892657104088678,0.107524589279455,0.497610688209534,0,0.176426598504649,0.547568649992397
0,0.316319011697632,0.239610979271244,0.269904205010736,0.260324109245826,0.498048365116119,0.306110764531135,0.202951100876261,0.564667398911364
0,0.149102666423132,0.202830994261288,0.174359452738099,0.128128833120218,0.49770325422287,0,0.176426598504649,0.545487672864885
1,0.658184150758422,0.805509710495092,0.766514092141381,0.680301883137679,0.501213163137436,0.693889235468865,0.75966414440351,0.65015148132023
1,0.39468196886167,0.666882629558351,0.237123765380305,0.324610641717274,0.499571919441223,0.306110764531135,0.894170215209209,0.608080498652618
0,0.366889732224021,0.269852911955574,0.325933856170576,0.402410705790445,0.497955799102783,0.306110764531135,0.525701174736548,0.593243258162442
0,0.186367379442135,0.196197553401055,0.141048081026148,0.148320067785146,0.497721016407013,0,0.176426598504649,0.546894391760573
1,0.78285448029642,0.824036116267152,0.762950037546897,0.848476201501499,0.500463843345642,1,0.75966414440351,0.680286287149361
0,0.302841453725152,0.233438217921832,0.186366818016244,0.256685967923971,0.497955799102783,0.306110764531135,0.202951100876261,0.569251396441661
1,0.715436189952447,0.838290335733886,0.744650229637567,0.798083166089191,0.500711023807526,1,0.75966414440351,0.668806763561885
0,0.144446575055201,0.192389942244602,0.125737093620463,0.126730561625058,0.497610688209534,0,0.176426598504649,0.54210400657256
1,0.699401506073355,0.824520824501489,0.827941796903029,0.781735231296102,0.50085124373436,1,0.75966414440351,0.665367165761207
0,0.26285470542937,0.251755302590932,0.241976036777993,0.233819718903399,0.498003482818604,0,0.176426598504649,0.564664671823024
1,0.215220728620524,0.249582326836756,0.355811391210757,0.329393990619989,0.497901082038879,0.306110764531135,0.319912954043312,0.595254695750435
0,0.146625111658488,0.171309442869878,0.0985053712322952,0.123597385761147,0.497610688209534,0,0.176426598504649,0.541730154880671
0,0.125897865018282,0.157983331448993,0.0985053712322952,0.11656835220375,0.497610688209534,0,0.176426598504649,0.541609504315886
1,0.514639965363302,0.742780924171565,0.4238381977388,0.60919772976754,0.499358236789703,0.693889235468865,0.677997225132182,0.640099694544184
0,0.268697991255119,0.271088215310944,0.18585178554303,0.212842400520195,0.498359441757202,0,0.157841445202657,0.555378252551382
1,0.550222802935546,0.74808115475805,0.535489006226592,0.553229606451513,0.500353574752808,1,0.75966414440351,0.634777751896457
0,0.208861643486787,0.206170715868457,0.17539853741455,0.163209723249068,0.497610688209534,0,0.176426598504649,0.545440730315813
0,0.519094313934653,0.733592603101373,0.404591935437656,0.466209986893056,0.500056266784668,0.306110764531135,0.357495473788246,0.608004318102659
0,0.162113255483862,0.178591505002357,0.112497364700886,0.13296485703463,0.497610688209534,0,0.176426598504649,0.542149794855303
0,0.426295833492714,0.366068360956973,0.344259952015809,0.481946219231512,0.497901082038879,0.306110764531135,0.522380655504327,0.602191730003632
0,0.209707002748735,0.210512096692194,0.17386986748991,0.185186295322478,0.497721016407013,0,0.176426598504649,0.554056204005299
1,0.381315887491052,0.681877595870115,0.410796392845502,0.399915893276019,0.500187337398529,1,0.696784602692021,0.609226281290749
1,0.225492585963783,0.214732727126897,0.229686078710176,0.175526376610628,0.49770325422287,0,0.176426598504649,0.550003706079442
0,0.138429501511301,0.165660351512785,0.0985053712322952,0.121660727749806,0.497610688209534,0,0.176426598504649,0.541370123569929
1,0.24813081686543,0.232322381560915,0.294679671176857,0.237408868263784,0.497790694236755,0.306110764531135,0.319912954043312,0.573728072792465
0,0.179301209029284,0.200675426744516,0.123622880398701,0.154292357541282,0.497610688209534,0,0.176426598504649,0.550193809293322
0,0.181208644304439,0.189633707899589,0.124607930666558,0.145195259065158,0.497610688209534,0,0.176426598504649,0.542852819983347
0,0.305908697517452,0.280468576708766,0.358664745072828,0.431013151137663,0.497790694236755,0,0.183468435370571,0.588697376973865
0,0.281289953458284,0.328087139771183,0.376810424540913,0.424303371173469,0.498542904853821,1,0.522380655504327,0.602745460993214
1,0.921905758022012,0.935928869045964,0.823325391187892,0.766888664513478,0.50107353925705,1,0.75966414440351,0.681556488936075
0,0.242071915019023,0.225337130491856,0.185851251289178,0.217016132423777,0.497610688209534,0,0.176426598504649,0.557758098245993
1,0.450800535220552,0.324166371256877,0.53644263014159,0.545068857267152,0.498635947704315,0.306110764531135,0.800162601594983,0.629066654059475
0,0.17207917585711,0.192323723914855,0.232116066907138,0.161758608728399,0.498245239257812,0,0.176426598504649,0.546709567208606
0,0.128703664181077,0.182177956702313,0.144769128916617,0.130657244600356,0.497610688209534,0,0.176426598504649,0.542080708633719
0,0.638419646965029,0.797792321187976,0.550089763652673,0.598177389998787,0.500635653734207,0.306110764531135,0.199045529808762,0.638014175538363
0,0.209133383331693,0.205363500815629,0.192905071993688,0.164325531779909,0.497610688209534,0,0.176426598504649,0.549606420776955
1,0.841343161866387,0.854560598602834,0.793570210818123,0.840539746217514,0.500709891319275,1,0.75966414440351,0.671552369230028
0,0.702219766056647,0.83074127501551,0.74329816551901,0.759490692516299,0.500073075294495,1,0.75966414440351,0.664672071006676
0,0.294027212458808,0.259821904833589,0.374268363400765,0.386441269662307,0.497790694236755,0.306110764531135,0.319912954043312,0.588355336111909
1,0.715301406315999,0.830693317512309,0.689906735531566,0.717511430180966,0.500353574752808,0.693889235468865,0.75966414440351,0.661191881923078
0,0.498789088359637,0.723390318696571,0.383523755644037,0.432650273450759,0.500121265649796,0.306110764531135,0.619739176127957,0.611308097545978
0,0.199146113238699,0.210205232846857,0.163689965969128,0.16425484984673,0.498003482818604,0,0.176426598504649,0.549663807470497
0,0.627335903333417,0.79548286381744,0.546245000762454,0.541302808822654,0.500635653734207,0.306110764531135,0.199045529808762,0.631501868679063
0,0.305541151149852,0.280090552296605,0.419781051055777,0.418780141649576,0.498053431510925,1,0.319912954043312,0.605864106759309
0,0.175307351589283,0.213375182463926,0.186371493437859,0.153189188227536,0.497610688209534,0,0.176426598504649,0.547564857802453
0,0.60686611629989,0.783099227614206,0.650682639381241,0.648537594318309,0.500455915927887,0.693889235468865,0.75966414440351,0.646092319633591
0,0.192592134229881,0.22718603871027,0.282772117694637,0.190098322835968,0.497790694236755,0.306110764531135,0.319912954043312,0.569890420299055
1,0.287695683107682,0.261025429711744,0.366200538512038,0.290655558882504,0.498183488845825,0.306110764531135,0.319912954043312,0.580862478803145
1,0.30117152777819,0.26196582879009,0.348055352574221,0.369645643585786,0.498115360736847,0.306110764531135,0.800162601594983,0.595374613579174
0,0.188244931516783,0.192870380524413,0.160797130721274,0.148153767807298,0.497610688209534,0,0.176426598504649,0.542640864033433
1,0.699859484479255,0.774134930901942,0.546764076386511,0.67173127233021,0.500281542539597,0.306110764531135,0.89417021520921,0.632143850789618
0,0.184556025454292,0.195442073785553,0.166019377616871,0.149501205278061,0.497721016407013,0,0.176426598504649,0.549782247355261
0,0.206377428884107,0.205385057092863,0.171315476671565,0.168799652192116,0.497610688209534,0,0.176426598504649,0.552680946328921
0,0.628065918963801,0.808300502773084,0.803055468024623,0.718255016597629,0.500811338424683,1,0.75966414440351,0.658394861928905
1,0.772070989884277,0.856934538118528,0.799850869580874,0.739635696829086,0.500484585762024,1,0.75966414440351,0.658418096559027
0,0.774623761097762,0.858357441062438,0.538339039529974,0.639960385087579,0.499803900718689,0.693889235468865,0.446004969163823,0.657169377610067
0,0.236255255082735,0.242213093343701,0.217419711044123,0.295672068468744,0.497938394546509,0.306110764531135,0.525701174736548,0.573739502900013
1,0.182410112920484,0.192820204146081,0.135069363097646,0.144874905793029,0.497721016407013,0,0.176426598504649,0.546846975286264
1,0.399992905715781,0.283981852973377,0.409955117920453,0.427097121094401,0.497955799102783,0.306110764531135,0.525701174736548,0.597179269315464
1,0.53424929959972,0.764599815522115,0.637579238538603,0.626606368409308,0.500238537788391,1,0.75966414440351,0.652767756829122
0,0.289548093012241,0.269171538644311,0.376985258371555,0.310403925464871,0.498183488845825,0.306110764531135,0.319912954043312,0.585009299511765
1,0.546482898975902,0.755092457637394,0.485659376081467,0.509779864380997,0.500061631202698,0.306110764531135,0.619739176127957,0.637274081548296
0,0.244650668028765,0.231929091797041,0.309115011444169,0.190337927426963,0.498245239257812,0,0.176426598504649,0.554423665510861
0,0.272796302862737,0.24561252086642,0.314175287419937,0.322719992521786,0.497790694236755,0.306110764531135,0.199045529808762,0.574956584777887
1,0.200237787095542,0.201025334410573,0.160060646478404,0.158257962164038,0.497610688209534,0,0.176426598504649,0.549782247355261
1,0.646602982625214,0.796277804821668,0.718367296456817,0.742500300367522,0.500353574752808,0.693889235468865,0.75966414440351,0.663996118823896
0,0.151279873780124,0.173166887904202,0.165151341072017,0.13804208537543,0.49770325422287,0,0.176426598504649,0.541472570773375
0,0.264572339631409,0.245089430741988,0.251393855598368,0.270769550717039,0.497938394546509,0.306110764531135,0.525701174736548,0.569863346080427
1,0.555609113378274,0.754787235745943,0.52707321407127,0.498852597394868,0.500514030456543,0.306110764531135,0.619739176127957,0.630692059323032
1,0.119790588038693,0.184153507249956,0.126284176732801,0.11184039188174,0.497721016407013,0,0.176426598504649,0.539819857191683
1,0.411915262649425,0.708807049862015,0.589844045717694,0.392162720800229,0.501029402017593,0.306110764531135,0.619739176127957,0.630448830344958
0,0.155059592715698,0.176626530653093,0.221873454778193,0.146512982202641,0.498307764530182,0,0.176426598504649,0.541018986305086
0,0.583417316289186,0.815726049206532,0.782382175256952,0.609730350595544,0.501448303461075,1,0.677997225132182,0.653875300813595
1,0.860176510591358,0.900458513803236,0.625032416095452,0.604147379552982,0.500728785991669,0.693889235468865,0.75966414440351,0.653361886359425
0,0.288024859233783,0.267396379679324,0.358987287495536,0.216968791200874,0.499297857284546,0,0.176426598504649,0.549475689525518
0,0.74954474569035,0.854130517346326,0.774420160124961,0.760622803097434,0.500480532646179,1,0.75966414440351,0.667775426359723
0,0.308912142363352,0.235715944970193,0.216271206360773,0.253870047512244,0.497955799102783,0.306110764531135,0.202951100876261,0.563455929691945
0,0.869268804363132,0.921506290033562,0.724497052482962,0.758168004184925,0.500583201646805,1,0.75966414440351,0.661360615067421
0,0.133347335215084,0.185347628948157,0.131346537658583,0.120151116503471,0.497610688209534,0,0.176426598504649,0.540677377834521
0,0.100134419221129,0.161607336686295,0.103491166039181,0.117139827708474,0.497610688209534,0,0.176426598504649,0.540949038370298
0,0.187089273268391,0.194278692695319,0.126187254905094,0.147722009624398,0.497610688209534,0,0.176426598504649,0.546846975286264
1,0.705290745186698,0.830839680522314,0.703349079963528,0.740917524612449,0.5000079870224,1,0.75966414440351,0.664588933931961
1,0.601551763419318,0.776937934411391,0.582277889231153,0.672830328795678,0.500353574752808,0.693889235468865,0.75966414440351,0.641570235958129
0,0.382863523438098,0.277659495210799,0.397399366003182,0.470476094542098,0.498243153095245,0.306110764531135,0.800162601594983,0.610147202214457
1,0.789866845108371,0.861861520559579,0.789980531829654,0.779547115468216,0.501548498868942,1,0.75966414440351,0.664209196708107
0,0.271050518883119,0.248355901257969,0.370434252683085,0.343083711017984,0.497790694236755,0.306110764531135,0.319912954043312,0.587598954707377
0,0.48893516579068,0.739270127091805,0.544432094441247,0.527258386936301,0.500353574752808,0.693889235468865,0.75966414440351,0.636628077441537
1,0.901222022064038,0.885180475082076,0.728855658626035,0.863764651591301,0.501210242509842,1,0.75966414440351,0.668600642101918
0,0.369747393506648,0.271383245303071,0.316425051741853,0.43996221578579,0.498066127300262,0.306110764531135,0.525701174736548,0.592678841188847
1,0.763069796945532,0.809866710823105,0.772573059250986,0.839827336730228,0.500578850507736,0.693889235468865,0.75966414440351,0.666097181293984
1,0.583039732760358,0.772155173828143,0.593408932070187,0.698859466295404,0.499358236789703,1,0.677997225132182,0.656305756250676
0,0.155623200862213,0.173273774511575,0.138610241877309,0.138697263543429,0.497610688209534,0,0.176426598504649,0.540721641112682
1,0.271101081336366,0.250651345970559,0.351670006495597,0.293728459882262,0.497943103313446,0.306110764531135,0.319912954043312,0.586445368828559
0,0.546196310873604,0.756452362267717,0.528259832549024,0.620836929714266,0.499358236789703,0.693889235468865,0.677997225132182,0.641020543613874
0,0.183910456137335,0.190706971673559,0.140752912655052,0.144899657280467,0.497610688209534,0,0.176426598504649,0.542213956492065
1,0.47751805645661,0.712983188980419,0.36553579942415,0.436585827969036,0.499710738658905,0.306110764531135,0.357495473788246,0.605419745098767
1,0.628184539076679,0.78177481812819,0.679251966539367,0.671733993818303,0.50148344039917,0.693889235468865,0.75966414440351,0.65074195258479
1,0.766261499014801,0.819541122186586,0.728599389655995,0.819777207005573,0.499583542346954,1,0.677997225132182,0.675705569948785
0,0.279558958927033,0.224330878316763,0.186229765852841,0.232973265010248,0.498066127300262,0.306110764531135,0.202951100876261,0.564601861278008
0,0.485815370311691,0.739537697234341,0.62537979476652,0.473872028041217,0.50101563334465,1,0.696784602692021,0.639168339671589
0,0.676237433463381,0.810773209583711,0.696289052036026,0.738743940664991,0.500353574752808,0.693889235468865,0.75966414440351,0.660694925634023
0,0.542213422638102,0.747591379516253,0.468717043731253,0.494682811941776,0.500121265649796,0.306110764531135,0.619739176127957,0.623960731109546
0,0.204424778006071,0.221358687225238,0.181181119049485,0.163478223355162,0.498006939888,0,0.176426598504649,0.55102792671277
1,0.653097351803448,0.805115060956297,0.681263381602101,0.74723326958167,0.5000079870224,1,0.75966414440351,0.666817883134192
1,0.336932241432931,0.253160245161625,0.26957233897704,0.356266818747483,0.497955799102783,0.306110764531135,0.525701174736548,0.586394286265342
0,0.237360043784423,0.23333199929909,0.23840631961904,0.208061365653898,0.497896552085876,0,0.176426598504649,0.562908427465103
0,0.183685086729595,0.1902336173264,0.139670299281633,0.150359533429259,0.497610688209534,0,0.176426598504649,0.542741511724397
1,0.362985055130252,0.670776175380629,0.645566993908846,0.366051872881329,0.499776124954224,0.306110764531135,0.89417021520921,0.628812984602041
0,0.206329603614145,0.205828452130316,0.150788641885622,0.161806552501077,0.497610688209534,0,0.176426598504649,0.545889706849811
1,0.168404024682234,0.215252260564617,0.219068458483318,0.144336998508681,0.498003482818604,0,0.176426598504649,0.550961222199081
1,0.547354356330989,0.745338802290578,0.675567844130531,0.582162359978225,0.500353574752808,0.693889235468865,0.75966414440351,0.649046218596377
1,0.44965232854638,0.311560667288392,0.43841151008728,0.548030491745991,0.498243153095245,0.306110764531135,0.199045529808762,0.603170976634974
0,0.462176640238007,0.725875182137533,0.521492953513727,0.44815631494313,0.500056266784668,0.306110764531135,0.357495473788246,0.613138077918947
1,0.652225816044853,0.809837047077446,0.623636790272968,0.70479368761329,0.500480532646179,0.693889235468865,0.75966414440351,0.64924499452282
1,0.408971105859001,0.330477121566609,0.482637218105169,0.494269777896303,0.498749971389771,0.306110764531135,0.800162601594983,0.617325515916361
1,0.269114324512345,0.291424545379754,0.427739919895548,0.45010086597448,0.497901082038879,0.306110764531135,0.522380655504327,0.609818166889779
1,0.396828940117186,0.280976389531403,0.318901308375971,0.46886449015371,0.497955799102783,0.306110764531135,0.525701174736548,0.599026187312586
0,0.71604022974069,0.830842957151282,0.770446412761565,0.762817316881373,0.500484585762024,1,0.75966414440351,0.664683656014195
0,0.163052098819437,0.207440574013176,0.171753649533079,0.140867215944664,0.497610688209534,0,0.176426598504649,0.54597675226261
1,0.521209419960849,0.738117295270922,0.437930498475567,0.470680369307099,0.500158607959747,0.306110764531135,0.619739176127957,0.621573810955925
0,0.620335951944757,0.787245617769859,0.701383016836163,0.653085316514416,0.500570952892303,0.693889235468865,0.75966414440351,0.645746501300287
0,0.164080301623002,0.180302736842497,0.154965276358335,0.146659135366518,0.497610688209534,0,0.176426598504649,0.543787352756585
1,0.753061819998106,0.858075893906322,0.782307509636062,0.728379715126806,0.501213163137436,1,0.75966414440351,0.653875300813595
0,0.232434103790623,0.235904135793489,0.324595718596821,0.289745736232252,0.497790694236755,0,0.199045529808762,0.563576239183722
0,0.462087837583949,0.703801671698206,0.359675445927841,0.381993838057018,0.500450849533081,0.306110764531135,0.619739176127957,0.615714533197716
0,0.295621822214669,0.308039059225312,0.307499046569927,0.315760080301327,0.498542904853821,0.306110764531135,0.319912954043312,0.580956889998833
1,0.641482059894498,0.799204562704204,0.716146448143448,0.736477220223366,0.500303566455841,1,0.75966414440351,0.660477289197101
0,0.119461908268877,0.180211006963765,0.13121009973914,0.115190838131999,0.49770325422287,0,0.176426598504649,0.544395334192204
0,0.438483870359528,0.689456439870931,0.304123209849191,0.389849186334145,0.499710738658905,0.306110764531135,0.150642322364192,0.597403782420142
1,0.490433470155907,0.338483703361755,0.607259460205119,0.58217106770488,0.499183237552643,0.306110764531135,0.800162601594983,0.630905970053085
0,0.392893293334549,0.662941523711377,0.261470739701109,0.343794117138454,0.499710738658905,0.306110764531135,0.150642322364192,0.61153501807257
0,0.156706183887449,0.175040911174711,0.117166834755876,0.132063694974559,0.497610688209534,0,0.176426598504649,0.541511877275346
0,0.118590476768685,0.154436326259777,0.146889557570311,0.1251936030622,0.49770325422287,0,0.176426598504649,0.541018986305086
0,0.153705605236335,0.185785485143663,0.15389525206309,0.122051675339107,0.497610688209534,0,0.176426598504649,0.54458418824953
0,0.200287241233588,0.207079666854496,0.182602325827373,0.196280341539275,0.497828006744385,0.306110764531135,0.202951100876261,0.551986251113508
0,0.171182448818,0.185690183512434,0.112484973471041,0.135821951770297,0.497610688209534,0,0.176426598504649,0.542213956492065
1,0.71299935244467,0.831233682008201,0.810755070384512,0.783223996029388,0.501434504985809,1,0.75966414440351,0.66196873744131
1,0.525425108006492,0.757337192084498,0.727012782976034,0.638132953457113,0.50059986114502,0.693889235468865,0.75966414440351,0.668606880433232
0,0.258234559062121,0.238887550442044,0.288167196177167,0.268171143294414,0.497790694236755,0.306110764531135,0.319912954043312,0.577136069300461
0,0.101932949254518,0.167760152906941,0.146204646136076,0.117561711782906,0.497873425483704,0,0.176426598504649,0.543894262047636
1,0.144043565873496,0.167152866327186,0.141772426234061,0.133208170801752,0.497610688209534,0,0.176426598504649,0.54125033540776
1,0.695820970274721,0.830226175844976,0.713983025148247,0.785880055425449,0.500480532646179,1,0.75966414440351,0.663977245305875
0,0.246349720089051,0.228666253461829,0.205813943967648,0.214541541299248,0.497610688209534,0,0.176426598504649,0.557822169498336
0,0.1567334984011,0.201455303593247,0.175500509711363,0.136313613025547,0.497610688209534,0,0.176426598504649,0.546478792736416
1,0.45626433066811,0.319452320564475,0.58585300311404,0.536644570195362,0.498877704143524,0.306110764531135,0.800162601594983,0.625688120620517
0,0.252585174323239,0.235586577600832,0.283140511525482,0.299652300526418,0.497790694236755,0.306110764531135,0.199045529808762,0.574956584777887
0,0.247577427705857,0.23478441963311,0.271025718843278,0.275744162553739,0.497790694236755,0.306110764531135,0.319912954043312,0.578300808080543
0,0.36926355912681,0.276173342154058,0.352349777527607,0.454669977846675,0.498243153095245,0,0.199045529808762,0.593819800048531
0,0.325728006632783,0.308715862797976,0.401750182388365,0.394711918936719,0.498076617717743,0.306110764531135,0.319912954043312,0.596517952270023
1,0.212514667407199,0.211569652143,0.169098414713342,0.167006991992389,0.497763097286224,0,0.176426598504649,0.553388401512601
1,0.258444520304997,0.238211777192344,0.292758073349615,0.292341908163908,0.497790694236755,0.306110764531135,0.319912954043312,0.5768882177414
0,0.620627310295262,0.787171046608665,0.647539473151741,0.67732545379958,0.500418543815613,0.693889235468865,0.75966414440351,0.644860054271025
0,0.429059333417718,0.712777166175753,0.562186566380689,0.465557075640336,0.499776124954224,0.306110764531135,0.142426576157383,0.626040776032469
0,0.652063403131481,0.801607195358784,0.73008902450385,0.740280043026356,0.500353574752808,1,0.75966414440351,0.658873294069995
0,0.135145152633099,0.162356064163366,0.110717174945778,0.123665461061506,0.497610688209534,0,0.176426598504649,0.541367630151718
1,0.311672109325714,0.288667445489811,0.428874576569019,0.392273974218391,0.498076617717743,0.306110764531135,0.319912954043312,0.596346444748695
0,0.231406067760088,0.227289712844239,0.22344655470347,0.181474213426918,0.498003482818604,0,0.176426598504649,0.551555781216054
0,0.747072876053621,0.841325569377271,0.771298747585325,0.809107679822322,0.501643240451813,1,0.75966414440351,0.667232951835635
1,0.417206288857699,0.349639623727185,0.501151414465815,0.487556480866815,0.497790694236755,1,0.522380655504327,0.616697175821944
0,0.266786996870671,0.246745263854961,0.232787286554333,0.20498756542582,0.498402535915375,0,0.176426598504649,0.554037144216251
1,0.315113492555565,0.272131162654989,0.373718053319932,0.333596879743095,0.498220801353455,0.306110764531135,0.525701174736548,0.589931273114855
0,0.145209969847276,0.167564379937929,0.133215137074997,0.13102092087392,0.497610688209534,0,0.176426598504649,0.541113385477761
1,0.183862919454901,0.198501659787216,0.162366161522807,0.151004277766275,0.497721016407013,0,0.176426598504649,0.550022859539674
1,0.171149917339672,0.201253341053454,0.179857278662634,0.140765239198725,0.498006939888,0,0.176426598504649,0.549675771846015
1,0.158029092198968,0.178018153147523,0.111598416952202,0.128583313145071,0.497721016407013,0,0.176426598504649,0.542035133550104
1,0.44944448177598,0.311342074234996,0.523522847917129,0.542099477642,0.498243153095245,0.306110764531135,0.800162601594983,0.627639466903661
0,0.271620131992061,0.253566678071087,0.285614012080261,0.38869487331069,0.497790694236755,0,0.199045529808762,0.582361858374875
0,0.179291919583336,0.190111646272001,0.142005028515541,0.151408663551895,0.497610688209534,0,0.176426598504649,0.54732292892887
1,0.870349913887518,0.88331866959273,0.677079815965634,0.682841492646857,0.499871373176575,1,0.677997225132182,0.64574302287135
0,0.925298776285077,0.921121277979337,0.557833569176435,0.588163728859866,0.501009106636047,0,0.109336398888744,0.653361886359425
0,0.260376290617451,0.240023190040787,0.258718442555472,0.297148831521683,0.497883260250092,0,0.199045529808762,0.569671311920022
1,0.74489991963326,0.844763452997929,0.777575789720885,0.749385476245689,0.500484585762024,1,0.75966414440351,0.660700882229388
1,0.530933437468612,0.742938698004651,0.462827956573009,0.500620476789591,0.49977570772171,0.306110764531135,0.357495473788246,0.618956281715539
1,0.259533035895435,0.239267470678633,0.26979399841121,0.217795030411871,0.498004853725433,0,0.176426598504649,0.562601035916116
0,0.513169237268897,0.729229428962224,0.419591190555921,0.460697624971467,0.500056266784668,0.306110764531135,0.357495473788246,0.605836948223378
1,0.695589071025434,0.823226426848673,0.731206575253159,0.747435690350833,0.500353574752808,1,0.75966414440351,0.664848636435968
0,0.256476285661417,0.247874869108238,0.282944059440571,0.20103757572807,0.498245239257812,0,0.176426598504649,0.552901012661364
1,0.63260573371178,0.834809473276373,0.696248906026315,0.554565706131538,0.500811100006104,0.693889235468865,0.677997225132182,0.650734101769799
1,0.487521242749175,0.719951923007791,0.430847657856207,0.434238866156954,0.49977570772171,0.306110764531135,0.619739176127957,0.612324941602935
1,0.391587731975923,0.687321741955615,0.474391028507073,0.40675893133023,0.500408679246902,1,0.696784602692021,0.610227707182668
0,0.137251348890493,0.168425331562094,0.115437384932028,0.12283941351039,0.497721016407013,0,0.176426598504649,0.541650349202884
0,0.464917139286279,0.733146689260308,0.48509194022081,0.544952589645924,0.499358236789703,0.693889235468865,0.677997225132182,0.645480920990832
1,0.504196764951323,0.345463081093691,0.640058062120967,0.595115319960611,0.499183237552643,0.306110764531135,0.800162601594983,0.633422716491677
0,0.223755005744862,0.21453462121569,0.212016777214438,0.17316429293051,0.498575150966644,0,0.176426598504649,0.544836672629189
1,0.346924252285985,0.409488916366005,0.468072564546712,0.484758631983454,0.498432576656342,1,0.522380655504327,0.607803446440826
1,0.748162160739992,0.849996461885987,0.706717932981181,0.710618673903455,0.500238537788391,1,0.75966414440351,0.658418096559027
0,0.177439605009214,0.223600353104743,0.255757306352557,0.244135134291991,0.497901082038879,0.306110764531135,0.199045529808762,0.571636280622969
1,0.310369593164758,0.292041984918207,0.454681080022586,0.433486294022871,0.498186945915222,1,0.522380655504327,0.61217405568577
1,0.278372239705835,0.247792776852921,0.333579202030315,0.312797065343741,0.497883260250092,0.306110764531135,0.319912954043312,0.57937113134531
0,0.258347072707451,0.213058987687023,0.232506795782453,0.208458693545977,0.498048365116119,0.306110764531135,0.202951100876261,0.562530453447771
1,0.584377036241721,0.770510811829731,0.627614003730133,0.590822357218646,0.500303566455841,1,0.75966414440351,0.640110251138315
0,0.900683301881159,0.894116280233678,0.498925731895558,0.655259923451492,0.500247001647949,0.693889235468865,0.75966414440351,0.650297707036305
1,0.475076575095962,0.728093830692438,0.451728989681645,0.581166376388775,0.499358236789703,0.693889235468865,0.677997225132182,0.640429258147237
0,0.219061375513947,0.246436948609727,0.346255254101306,0.323865079853561,0.497790694236755,0.306110764531135,0.319912954043312,0.590446535692928
0,0.224934670338246,0.226074111762625,0.235933843577969,0.26221173681131,0.497790694236755,0,0.199045529808762,0.558924883555042
0,0.505142375478324,0.730510819234108,0.371738583860677,0.464374344327697,0.49916660785675,0.306110764531135,0.357495473788246,0.619254974521674
0,0.130269349932049,0.188188325978162,0.197513878754593,0.140587138685711,0.498003482818604,0,0.176426598504649,0.548061242262805
1,0.764586518543415,0.860040998114236,0.757336366217889,0.7240023256207,0.500225454568863,1,0.75966414440351,0.663199722263652
1,0.567270533246941,0.763464540658072,0.605893733167961,0.580864695974172,0.500073075294495,1,0.75966414440351,0.639596549372542
0,0.172375313642658,0.183071099136709,0.147455137873208,0.14484614534922,0.497610688209534,0,0.176426598504649,0.541081268009345
0,0.1958022652077,0.200087124703815,0.140731943323965,0.157909414609582,0.497610688209534,0,0.176426598504649,0.550265147949151
0,0.567836536075825,0.76213683762325,0.562307718275211,0.578254732935862,0.500303566455841,1,0.75966414440351,0.638006710842256
0,0.182186171631785,0.195106704399057,0.156466496006995,0.145843404287394,0.497721016407013,0,0.176426598504649,0.545610039224677
0,0.235581944779524,0.267474956192378,0.346428270271817,0.417813578179687,0.497790694236755,0,0.65085006751936,0.59678611962361
0,0.279828331222375,0.251407326554531,0.34784235405141,0.294671694110065,0.497790694236755,0.306110764531135,0.319912954043312,0.584982068802037
0,0.277999582045853,0.247843790199612,0.285072523469657,0.246499722218781,0.497920632362366,0.306110764531135,0.202951100876261,0.560494051519843
0,0.203188692327684,0.216875420403066,0.200289554719065,0.204441908307518,0.498113930225372,0.306110764531135,0.202951100876261,0.557054663669018
0,0.192362149109654,0.195340291221375,0.160797130721274,0.150178054903012,0.497610688209534,0,0.176426598504649,0.542640864033433
1,0.750581532551461,0.851752333320881,0.785241848597082,0.805922910487747,0.500932902097702,1,0.75966414440351,0.66933171713835
0,0.247931466936433,0.23420696020525,0.255096146034057,0.26259715144581,0.497790694236755,0.306110764531135,0.319912954043312,0.57530218513782
0,0.289577190267075,0.271615768790331,0.376985258371555,0.311860626487937,0.498183488845825,0.306110764531135,0.319912954043312,0.585009299511765
1,0.538668789741049,0.740605148312167,0.655061933104028,0.450678429467178,0.501398384571075,1,0.696784602692021,0.61533142821732
0,0.400213305412771,0.297797734621324,0.44372934385291,0.357872015410779,0.498590409755707,0.306110764531135,0.202951100876261,0.575128144150422
0,0.164456401977621,0.179235169555211,0.123750029596838,0.13624788485441,0.497610688209534,0,0.176426598504649,0.540830538658226
0,0.334825796297539,0.284281386207612,0.448819110510197,0.435266954295164,0.497883260250092,0.306110764531135,0.522380655504327,0.602134355837459
1,0.858357969024517,0.919418921042483,0.850263523250331,0.870252892715056,0.50127762556076,1,0.75966414440351,0.68166139214041
0,0.169340960845701,0.207454158204647,0.146027914823839,0.163972607915252,0.498003482818604,0,0.157841445202657,0.549868591612657
1,0.72532240391997,0.833144770562936,0.760215278492768,0.779528802048653,0.50176477432251,1,0.75966414440351,0.659945089567884
0,0.244886065894622,0.231345002184072,0.24919314087927,0.259920095203025,0.497790694236755,0,0.199045529808762,0.563397593317004
1,0.613255623727531,0.779948228400999,0.766007012890704,0.522590307808262,0.501467555761337,1,0.696784602692021,0.631501868679063
0,0.177496967585731,0.188155589378865,0.119023830528724,0.139714005824997,0.497610688209534,0,0.176426598504649,0.542550183370725
1,0.11962520943373,0.156003120174595,0.106217130315824,0.115756901970159,0.497610688209534,0,0.176426598504649,0.54631387305323
1,0.858403298885787,0.863588030426356,0.879038459047672,0.812656332212439,0.501729220151901,1,0.75966414440351,0.654426689566187
0,0.635036735725951,0.742469605542902,0.427329725422689,0.593150072618672,0.499286293983459,0.306110764531135,0.142426576157383,0.62170384343769
0,0.114542639620898,0.150694796564023,0.0909599076519541,0.112518935023592,0.497610688209534,0,0.176426598504649,0.54125033540776
0,0.317046560077631,0.300650358908104,0.348988798946142,0.375926396503413,0.498076617717743,0.306110764531135,0.319912954043312,0.588983485883976
0,0.155298607681876,0.183365134194593,0.129097706916559,0.126006479832552,0.497721016407013,0,0.176426598504649,0.542640864033433
1,0.827928638896597,0.887826622026975,0.77668059812564,0.738406851473168,0.500480532646179,0.306110764531135,0.446004969163823,0.667858827030337
1,0.23344952205971,0.239424864594305,0.365909783543143,0.325018839132956,0.497901082038879,0.306110764531135,0.89417021520921,0.584867848844832
